ISO-10303-21;
HEADER;
/* Generated by software containing ST-Developer
 * from STEP Tools, Inc. (www.steptools.com) 
 */

FILE_DESCRIPTION(
/* description */ (''),
/* implementation_level */ '2;1');

FILE_NAME(
/* name */ 'ducted_fan_plate.step',
/* time_stamp */ '2026-08-26T08:42:24-05:00',
/* author */ (''),
/* organization */ (''),
/* preprocessor_version */ 'ST-DEVELOPER v20.1',
/* originating_system */ 'Autodesk Translation Framework v15.8.0.0',
/* authorisation */ '');

FILE_SCHEMA (('AUTOMOTIVE_DESIGN { 1 0 10303 214 3 1 1 }'));
ENDSEC;

DATA;
#10=MECHANICAL_DESIGN_GEOMETRIC_PRESENTATION_REPRESENTATION('',(#13),#2736);
#11=SHAPE_REPRESENTATION_RELATIONSHIP('SRR','None',#2743,#12);
#12=ADVANCED_BREP_SHAPE_REPRESENTATION('',(#14),#2735);
#13=STYLED_ITEM('',(#2752),#14);
#14=MANIFOLD_SOLID_BREP('Ducted Fan Plate',#1672);
#15=FACE_BOUND('',#216,.T.);
#16=FACE_BOUND('',#219,.T.);
#17=FACE_BOUND('',#222,.T.);
#18=FACE_BOUND('',#225,.T.);
#19=FACE_BOUND('',#284,.T.);
#20=FACE_BOUND('',#285,.T.);
#21=FACE_BOUND('',#286,.T.);
#22=FACE_BOUND('',#287,.T.);
#23=FACE_BOUND('',#288,.T.);
#24=FACE_BOUND('',#289,.T.);
#25=FACE_BOUND('',#291,.T.);
#26=FACE_BOUND('',#292,.T.);
#27=FACE_BOUND('',#293,.T.);
#28=FACE_BOUND('',#294,.T.);
#29=FACE_BOUND('',#295,.T.);
#30=FACE_BOUND('',#296,.T.);
#31=FACE_BOUND('',#312,.T.);
#32=FACE_BOUND('',#313,.T.);
#33=FACE_BOUND('',#314,.T.);
#34=FACE_BOUND('',#315,.T.);
#35=FACE_BOUND('',#316,.T.);
#36=FACE_BOUND('',#317,.T.);
#37=FACE_BOUND('',#318,.T.);
#38=FACE_BOUND('',#319,.T.);
#39=FACE_BOUND('',#320,.T.);
#40=FACE_BOUND('',#321,.T.);
#41=FACE_BOUND('',#322,.T.);
#42=FACE_BOUND('',#323,.T.);
#43=FACE_BOUND('',#324,.T.);
#44=FACE_BOUND('',#325,.T.);
#45=FACE_BOUND('',#326,.T.);
#46=FACE_BOUND('',#327,.T.);
#47=FACE_BOUND('',#328,.T.);
#48=FACE_BOUND('',#329,.T.);
#49=FACE_BOUND('',#330,.T.);
#50=FACE_BOUND('',#331,.T.);
#51=FACE_BOUND('',#332,.T.);
#52=FACE_BOUND('',#333,.T.);
#53=FACE_BOUND('',#334,.T.);
#54=FACE_BOUND('',#335,.T.);
#55=FACE_BOUND('',#336,.T.);
#56=FACE_BOUND('',#337,.T.);
#57=FACE_BOUND('',#338,.T.);
#58=FACE_BOUND('',#340,.T.);
#59=FACE_BOUND('',#341,.T.);
#60=FACE_BOUND('',#342,.T.);
#61=FACE_BOUND('',#343,.T.);
#62=FACE_BOUND('',#344,.T.);
#63=FACE_BOUND('',#345,.T.);
#64=FACE_BOUND('',#346,.T.);
#65=FACE_BOUND('',#347,.T.);
#66=FACE_BOUND('',#348,.T.);
#67=FACE_BOUND('',#349,.T.);
#68=FACE_BOUND('',#350,.T.);
#69=FACE_BOUND('',#351,.T.);
#70=FACE_BOUND('',#352,.T.);
#71=PLANE('',#1689);
#72=PLANE('',#1694);
#73=PLANE('',#1699);
#74=PLANE('',#1704);
#75=PLANE('',#1706);
#76=PLANE('',#1707);
#77=PLANE('',#1708);
#78=PLANE('',#1709);
#79=PLANE('',#1710);
#80=PLANE('',#1711);
#81=PLANE('',#1712);
#82=PLANE('',#1713);
#83=PLANE('',#1714);
#84=PLANE('',#1715);
#85=PLANE('',#1716);
#86=PLANE('',#1717);
#87=PLANE('',#1718);
#88=PLANE('',#1719);
#89=PLANE('',#1720);
#90=PLANE('',#1721);
#91=PLANE('',#1722);
#92=PLANE('',#1723);
#93=PLANE('',#1724);
#94=PLANE('',#1725);
#95=PLANE('',#1726);
#96=PLANE('',#1727);
#97=PLANE('',#1728);
#98=PLANE('',#1729);
#99=PLANE('',#1730);
#100=PLANE('',#1731);
#101=PLANE('',#1732);
#102=PLANE('',#1733);
#103=PLANE('',#1734);
#104=PLANE('',#1735);
#105=PLANE('',#1736);
#106=PLANE('',#1737);
#107=PLANE('',#1748);
#108=PLANE('',#1756);
#109=PLANE('',#1775);
#110=PLANE('',#1783);
#111=PLANE('',#1790);
#112=PLANE('',#1798);
#113=PLANE('',#1809);
#114=PLANE('',#1810);
#115=PLANE('',#1811);
#116=PLANE('',#1812);
#117=PLANE('',#1813);
#118=PLANE('',#1814);
#119=PLANE('',#1815);
#120=PLANE('',#1816);
#121=PLANE('',#1817);
#122=PLANE('',#1818);
#123=PLANE('',#1819);
#124=PLANE('',#1820);
#125=PLANE('',#1821);
#126=PLANE('',#1822);
#127=PLANE('',#1823);
#128=PLANE('',#1824);
#129=PLANE('',#1825);
#130=PLANE('',#1826);
#131=FACE_OUTER_BOUND('',#214,.T.);
#132=FACE_OUTER_BOUND('',#215,.T.);
#133=FACE_OUTER_BOUND('',#217,.T.);
#134=FACE_OUTER_BOUND('',#218,.T.);
#135=FACE_OUTER_BOUND('',#220,.T.);
#136=FACE_OUTER_BOUND('',#221,.T.);
#137=FACE_OUTER_BOUND('',#223,.T.);
#138=FACE_OUTER_BOUND('',#224,.T.);
#139=FACE_OUTER_BOUND('',#226,.T.);
#140=FACE_OUTER_BOUND('',#227,.T.);
#141=FACE_OUTER_BOUND('',#228,.T.);
#142=FACE_OUTER_BOUND('',#229,.T.);
#143=FACE_OUTER_BOUND('',#230,.T.);
#144=FACE_OUTER_BOUND('',#231,.T.);
#145=FACE_OUTER_BOUND('',#232,.T.);
#146=FACE_OUTER_BOUND('',#233,.T.);
#147=FACE_OUTER_BOUND('',#234,.T.);
#148=FACE_OUTER_BOUND('',#235,.T.);
#149=FACE_OUTER_BOUND('',#236,.T.);
#150=FACE_OUTER_BOUND('',#237,.T.);
#151=FACE_OUTER_BOUND('',#238,.T.);
#152=FACE_OUTER_BOUND('',#239,.T.);
#153=FACE_OUTER_BOUND('',#240,.T.);
#154=FACE_OUTER_BOUND('',#241,.T.);
#155=FACE_OUTER_BOUND('',#242,.T.);
#156=FACE_OUTER_BOUND('',#243,.T.);
#157=FACE_OUTER_BOUND('',#244,.T.);
#158=FACE_OUTER_BOUND('',#245,.T.);
#159=FACE_OUTER_BOUND('',#246,.T.);
#160=FACE_OUTER_BOUND('',#247,.T.);
#161=FACE_OUTER_BOUND('',#248,.T.);
#162=FACE_OUTER_BOUND('',#249,.T.);
#163=FACE_OUTER_BOUND('',#250,.T.);
#164=FACE_OUTER_BOUND('',#251,.T.);
#165=FACE_OUTER_BOUND('',#252,.T.);
#166=FACE_OUTER_BOUND('',#253,.T.);
#167=FACE_OUTER_BOUND('',#254,.T.);
#168=FACE_OUTER_BOUND('',#255,.T.);
#169=FACE_OUTER_BOUND('',#256,.T.);
#170=FACE_OUTER_BOUND('',#257,.T.);
#171=FACE_OUTER_BOUND('',#258,.T.);
#172=FACE_OUTER_BOUND('',#259,.T.);
#173=FACE_OUTER_BOUND('',#260,.T.);
#174=FACE_OUTER_BOUND('',#261,.T.);
#175=FACE_OUTER_BOUND('',#262,.T.);
#176=FACE_OUTER_BOUND('',#263,.T.);
#177=FACE_OUTER_BOUND('',#264,.T.);
#178=FACE_OUTER_BOUND('',#265,.T.);
#179=FACE_OUTER_BOUND('',#266,.T.);
#180=FACE_OUTER_BOUND('',#267,.T.);
#181=FACE_OUTER_BOUND('',#268,.T.);
#182=FACE_OUTER_BOUND('',#269,.T.);
#183=FACE_OUTER_BOUND('',#270,.T.);
#184=FACE_OUTER_BOUND('',#271,.T.);
#185=FACE_OUTER_BOUND('',#272,.T.);
#186=FACE_OUTER_BOUND('',#273,.T.);
#187=FACE_OUTER_BOUND('',#274,.T.);
#188=FACE_OUTER_BOUND('',#275,.T.);
#189=FACE_OUTER_BOUND('',#276,.T.);
#190=FACE_OUTER_BOUND('',#277,.T.);
#191=FACE_OUTER_BOUND('',#278,.T.);
#192=FACE_OUTER_BOUND('',#279,.T.);
#193=FACE_OUTER_BOUND('',#280,.T.);
#194=FACE_OUTER_BOUND('',#281,.T.);
#195=FACE_OUTER_BOUND('',#282,.T.);
#196=FACE_OUTER_BOUND('',#283,.T.);
#197=FACE_OUTER_BOUND('',#290,.T.);
#198=FACE_OUTER_BOUND('',#297,.T.);
#199=FACE_OUTER_BOUND('',#298,.T.);
#200=FACE_OUTER_BOUND('',#299,.T.);
#201=FACE_OUTER_BOUND('',#300,.T.);
#202=FACE_OUTER_BOUND('',#301,.T.);
#203=FACE_OUTER_BOUND('',#302,.T.);
#204=FACE_OUTER_BOUND('',#303,.T.);
#205=FACE_OUTER_BOUND('',#304,.T.);
#206=FACE_OUTER_BOUND('',#305,.T.);
#207=FACE_OUTER_BOUND('',#306,.T.);
#208=FACE_OUTER_BOUND('',#307,.T.);
#209=FACE_OUTER_BOUND('',#308,.T.);
#210=FACE_OUTER_BOUND('',#309,.T.);
#211=FACE_OUTER_BOUND('',#310,.T.);
#212=FACE_OUTER_BOUND('',#311,.T.);
#213=FACE_OUTER_BOUND('',#339,.T.);
#214=EDGE_LOOP('',(#1116,#1117,#1118,#1119));
#215=EDGE_LOOP('',(#1120));
#216=EDGE_LOOP('',(#1121));
#217=EDGE_LOOP('',(#1122,#1123,#1124,#1125));
#218=EDGE_LOOP('',(#1126));
#219=EDGE_LOOP('',(#1127));
#220=EDGE_LOOP('',(#1128,#1129,#1130,#1131));
#221=EDGE_LOOP('',(#1132));
#222=EDGE_LOOP('',(#1133));
#223=EDGE_LOOP('',(#1134,#1135,#1136,#1137));
#224=EDGE_LOOP('',(#1138));
#225=EDGE_LOOP('',(#1139));
#226=EDGE_LOOP('',(#1140,#1141,#1142,#1143));
#227=EDGE_LOOP('',(#1144,#1145,#1146,#1147));
#228=EDGE_LOOP('',(#1148,#1149,#1150,#1151));
#229=EDGE_LOOP('',(#1152,#1153,#1154,#1155));
#230=EDGE_LOOP('',(#1156,#1157,#1158,#1159));
#231=EDGE_LOOP('',(#1160,#1161,#1162,#1163));
#232=EDGE_LOOP('',(#1164,#1165,#1166,#1167));
#233=EDGE_LOOP('',(#1168,#1169,#1170,#1171));
#234=EDGE_LOOP('',(#1172,#1173,#1174,#1175));
#235=EDGE_LOOP('',(#1176,#1177,#1178,#1179));
#236=EDGE_LOOP('',(#1180,#1181,#1182,#1183));
#237=EDGE_LOOP('',(#1184,#1185,#1186,#1187));
#238=EDGE_LOOP('',(#1188,#1189,#1190,#1191));
#239=EDGE_LOOP('',(#1192,#1193,#1194,#1195));
#240=EDGE_LOOP('',(#1196,#1197,#1198,#1199));
#241=EDGE_LOOP('',(#1200,#1201,#1202,#1203));
#242=EDGE_LOOP('',(#1204,#1205,#1206,#1207));
#243=EDGE_LOOP('',(#1208,#1209,#1210,#1211));
#244=EDGE_LOOP('',(#1212,#1213,#1214,#1215));
#245=EDGE_LOOP('',(#1216,#1217,#1218,#1219));
#246=EDGE_LOOP('',(#1220,#1221,#1222,#1223));
#247=EDGE_LOOP('',(#1224,#1225,#1226,#1227));
#248=EDGE_LOOP('',(#1228,#1229,#1230,#1231));
#249=EDGE_LOOP('',(#1232,#1233,#1234,#1235));
#250=EDGE_LOOP('',(#1236,#1237,#1238,#1239));
#251=EDGE_LOOP('',(#1240,#1241,#1242,#1243));
#252=EDGE_LOOP('',(#1244,#1245,#1246,#1247));
#253=EDGE_LOOP('',(#1248,#1249,#1250,#1251));
#254=EDGE_LOOP('',(#1252,#1253,#1254,#1255));
#255=EDGE_LOOP('',(#1256,#1257,#1258,#1259));
#256=EDGE_LOOP('',(#1260,#1261,#1262,#1263));
#257=EDGE_LOOP('',(#1264,#1265,#1266,#1267));
#258=EDGE_LOOP('',(#1268,#1269,#1270,#1271));
#259=EDGE_LOOP('',(#1272,#1273,#1274,#1275));
#260=EDGE_LOOP('',(#1276,#1277,#1278,#1279));
#261=EDGE_LOOP('',(#1280,#1281,#1282,#1283));
#262=EDGE_LOOP('',(#1284,#1285));
#263=EDGE_LOOP('',(#1286,#1287,#1288,#1289,#1290,#1291,#1292,#1293));
#264=EDGE_LOOP('',(#1294,#1295));
#265=EDGE_LOOP('',(#1296,#1297,#1298,#1299));
#266=EDGE_LOOP('',(#1300,#1301,#1302,#1303));
#267=EDGE_LOOP('',(#1304,#1305,#1306,#1307));
#268=EDGE_LOOP('',(#1308,#1309,#1310,#1311));
#269=EDGE_LOOP('',(#1312,#1313,#1314,#1315));
#270=EDGE_LOOP('',(#1316,#1317,#1318,#1319));
#271=EDGE_LOOP('',(#1320,#1321));
#272=EDGE_LOOP('',(#1322,#1323,#1324,#1325,#1326,#1327,#1328,#1329));
#273=EDGE_LOOP('',(#1330,#1331));
#274=EDGE_LOOP('',(#1332,#1333,#1334,#1335));
#275=EDGE_LOOP('',(#1336,#1337,#1338,#1339));
#276=EDGE_LOOP('',(#1340,#1341));
#277=EDGE_LOOP('',(#1342,#1343,#1344,#1345,#1346,#1347,#1348,#1349));
#278=EDGE_LOOP('',(#1350,#1351));
#279=EDGE_LOOP('',(#1352,#1353,#1354,#1355));
#280=EDGE_LOOP('',(#1356,#1357,#1358,#1359));
#281=EDGE_LOOP('',(#1360,#1361,#1362,#1363));
#282=EDGE_LOOP('',(#1364,#1365,#1366,#1367));
#283=EDGE_LOOP('',(#1368,#1369,#1370,#1371,#1372));
#284=EDGE_LOOP('',(#1373,#1374,#1375,#1376));
#285=EDGE_LOOP('',(#1377,#1378,#1379,#1380));
#286=EDGE_LOOP('',(#1381));
#287=EDGE_LOOP('',(#1382));
#288=EDGE_LOOP('',(#1383));
#289=EDGE_LOOP('',(#1384));
#290=EDGE_LOOP('',(#1385,#1386,#1387,#1388,#1389));
#291=EDGE_LOOP('',(#1390,#1391,#1392,#1393));
#292=EDGE_LOOP('',(#1394,#1395,#1396,#1397));
#293=EDGE_LOOP('',(#1398));
#294=EDGE_LOOP('',(#1399));
#295=EDGE_LOOP('',(#1400));
#296=EDGE_LOOP('',(#1401));
#297=EDGE_LOOP('',(#1402,#1403,#1404,#1405,#1406,#1407,#1408,#1409,#1410,
#1411));
#298=EDGE_LOOP('',(#1412,#1413,#1414,#1415));
#299=EDGE_LOOP('',(#1416,#1417,#1418,#1419));
#300=EDGE_LOOP('',(#1420,#1421,#1422,#1423));
#301=EDGE_LOOP('',(#1424,#1425,#1426,#1427));
#302=EDGE_LOOP('',(#1428,#1429,#1430,#1431));
#303=EDGE_LOOP('',(#1432,#1433,#1434,#1435));
#304=EDGE_LOOP('',(#1436,#1437,#1438,#1439,#1440,#1441,#1442,#1443,#1444,
#1445));
#305=EDGE_LOOP('',(#1446,#1447,#1448,#1449));
#306=EDGE_LOOP('',(#1450,#1451,#1452,#1453));
#307=EDGE_LOOP('',(#1454,#1455,#1456,#1457));
#308=EDGE_LOOP('',(#1458,#1459,#1460,#1461));
#309=EDGE_LOOP('',(#1462,#1463,#1464,#1465));
#310=EDGE_LOOP('',(#1466,#1467,#1468,#1469));
#311=EDGE_LOOP('',(#1470,#1471,#1472,#1473));
#312=EDGE_LOOP('',(#1474,#1475,#1476,#1477));
#313=EDGE_LOOP('',(#1478,#1479,#1480,#1481));
#314=EDGE_LOOP('',(#1482,#1483,#1484,#1485));
#315=EDGE_LOOP('',(#1486,#1487,#1488,#1489));
#316=EDGE_LOOP('',(#1490,#1491,#1492,#1493));
#317=EDGE_LOOP('',(#1494,#1495,#1496,#1497));
#318=EDGE_LOOP('',(#1498,#1499,#1500,#1501));
#319=EDGE_LOOP('',(#1502,#1503,#1504,#1505));
#320=EDGE_LOOP('',(#1506));
#321=EDGE_LOOP('',(#1507));
#322=EDGE_LOOP('',(#1508));
#323=EDGE_LOOP('',(#1509));
#324=EDGE_LOOP('',(#1510));
#325=EDGE_LOOP('',(#1511));
#326=EDGE_LOOP('',(#1512));
#327=EDGE_LOOP('',(#1513));
#328=EDGE_LOOP('',(#1514));
#329=EDGE_LOOP('',(#1515));
#330=EDGE_LOOP('',(#1516));
#331=EDGE_LOOP('',(#1517));
#332=EDGE_LOOP('',(#1518));
#333=EDGE_LOOP('',(#1519));
#334=EDGE_LOOP('',(#1520));
#335=EDGE_LOOP('',(#1521));
#336=EDGE_LOOP('',(#1522));
#337=EDGE_LOOP('',(#1523));
#338=EDGE_LOOP('',(#1524));
#339=EDGE_LOOP('',(#1525,#1526,#1527,#1528));
#340=EDGE_LOOP('',(#1529));
#341=EDGE_LOOP('',(#1530));
#342=EDGE_LOOP('',(#1531));
#343=EDGE_LOOP('',(#1532));
#344=EDGE_LOOP('',(#1533));
#345=EDGE_LOOP('',(#1534));
#346=EDGE_LOOP('',(#1535));
#347=EDGE_LOOP('',(#1536));
#348=EDGE_LOOP('',(#1537,#1538,#1539,#1540,#1541,#1542,#1543,#1544,#1545,
#1546,#1547,#1548,#1549));
#349=EDGE_LOOP('',(#1550,#1551,#1552,#1553));
#350=EDGE_LOOP('',(#1554,#1555,#1556,#1557));
#351=EDGE_LOOP('',(#1558,#1559,#1560,#1561));
#352=EDGE_LOOP('',(#1562,#1563,#1564,#1565));
#353=LINE('',#2283,#520);
#354=LINE('',#2292,#521);
#355=LINE('',#2301,#522);
#356=LINE('',#2310,#523);
#357=LINE('',#2318,#524);
#358=LINE('',#2320,#525);
#359=LINE('',#2322,#526);
#360=LINE('',#2323,#527);
#361=LINE('',#2326,#528);
#362=LINE('',#2328,#529);
#363=LINE('',#2329,#530);
#364=LINE('',#2332,#531);
#365=LINE('',#2334,#532);
#366=LINE('',#2335,#533);
#367=LINE('',#2337,#534);
#368=LINE('',#2338,#535);
#369=LINE('',#2342,#536);
#370=LINE('',#2344,#537);
#371=LINE('',#2346,#538);
#372=LINE('',#2347,#539);
#373=LINE('',#2350,#540);
#374=LINE('',#2352,#541);
#375=LINE('',#2353,#542);
#376=LINE('',#2356,#543);
#377=LINE('',#2358,#544);
#378=LINE('',#2359,#545);
#379=LINE('',#2361,#546);
#380=LINE('',#2362,#547);
#381=LINE('',#2366,#548);
#382=LINE('',#2368,#549);
#383=LINE('',#2370,#550);
#384=LINE('',#2371,#551);
#385=LINE('',#2374,#552);
#386=LINE('',#2376,#553);
#387=LINE('',#2377,#554);
#388=LINE('',#2380,#555);
#389=LINE('',#2382,#556);
#390=LINE('',#2383,#557);
#391=LINE('',#2385,#558);
#392=LINE('',#2386,#559);
#393=LINE('',#2390,#560);
#394=LINE('',#2392,#561);
#395=LINE('',#2394,#562);
#396=LINE('',#2395,#563);
#397=LINE('',#2398,#564);
#398=LINE('',#2400,#565);
#399=LINE('',#2401,#566);
#400=LINE('',#2404,#567);
#401=LINE('',#2406,#568);
#402=LINE('',#2407,#569);
#403=LINE('',#2409,#570);
#404=LINE('',#2410,#571);
#405=LINE('',#2414,#572);
#406=LINE('',#2416,#573);
#407=LINE('',#2418,#574);
#408=LINE('',#2419,#575);
#409=LINE('',#2422,#576);
#410=LINE('',#2424,#577);
#411=LINE('',#2425,#578);
#412=LINE('',#2428,#579);
#413=LINE('',#2430,#580);
#414=LINE('',#2431,#581);
#415=LINE('',#2433,#582);
#416=LINE('',#2434,#583);
#417=LINE('',#2438,#584);
#418=LINE('',#2440,#585);
#419=LINE('',#2442,#586);
#420=LINE('',#2443,#587);
#421=LINE('',#2446,#588);
#422=LINE('',#2448,#589);
#423=LINE('',#2449,#590);
#424=LINE('',#2452,#591);
#425=LINE('',#2454,#592);
#426=LINE('',#2455,#593);
#427=LINE('',#2457,#594);
#428=LINE('',#2458,#595);
#429=LINE('',#2462,#596);
#430=LINE('',#2464,#597);
#431=LINE('',#2466,#598);
#432=LINE('',#2467,#599);
#433=LINE('',#2470,#600);
#434=LINE('',#2472,#601);
#435=LINE('',#2473,#602);
#436=LINE('',#2476,#603);
#437=LINE('',#2478,#604);
#438=LINE('',#2479,#605);
#439=LINE('',#2481,#606);
#440=LINE('',#2482,#607);
#441=LINE('',#2486,#608);
#442=LINE('',#2488,#609);
#443=LINE('',#2490,#610);
#444=LINE('',#2491,#611);
#445=LINE('',#2494,#612);
#446=LINE('',#2496,#613);
#447=LINE('',#2497,#614);
#448=LINE('',#2500,#615);
#449=LINE('',#2502,#616);
#450=LINE('',#2503,#617);
#451=LINE('',#2505,#618);
#452=LINE('',#2506,#619);
#453=LINE('',#2510,#620);
#454=LINE('',#2514,#621);
#455=LINE('',#2519,#622);
#456=LINE('',#2525,#623);
#457=LINE('',#2530,#624);
#458=LINE('',#2541,#625);
#459=LINE('',#2544,#626);
#460=LINE('',#2549,#627);
#461=LINE('',#2555,#628);
#462=LINE('',#2561,#629);
#463=LINE('',#2567,#630);
#464=LINE('',#2573,#631);
#465=LINE('',#2579,#632);
#466=LINE('',#2584,#633);
#467=LINE('',#2595,#634);
#468=LINE('',#2598,#635);
#469=LINE('',#2603,#636);
#470=LINE('',#2609,#637);
#471=LINE('',#2614,#638);
#472=LINE('',#2625,#639);
#473=LINE('',#2628,#640);
#474=LINE('',#2633,#641);
#475=LINE('',#2639,#642);
#476=LINE('',#2644,#643);
#477=LINE('',#2648,#644);
#478=LINE('',#2650,#645);
#479=LINE('',#2651,#646);
#480=LINE('',#2653,#647);
#481=LINE('',#2654,#648);
#482=LINE('',#2657,#649);
#483=LINE('',#2659,#650);
#484=LINE('',#2661,#651);
#485=LINE('',#2663,#652);
#486=LINE('',#2664,#653);
#487=LINE('',#2667,#654);
#488=LINE('',#2669,#655);
#489=LINE('',#2670,#656);
#490=LINE('',#2673,#657);
#491=LINE('',#2675,#658);
#492=LINE('',#2676,#659);
#493=LINE('',#2678,#660);
#494=LINE('',#2679,#661);
#495=LINE('',#2684,#662);
#496=LINE('',#2686,#663);
#497=LINE('',#2688,#664);
#498=LINE('',#2689,#665);
#499=LINE('',#2692,#666);
#500=LINE('',#2694,#667);
#501=LINE('',#2695,#668);
#502=LINE('',#2697,#669);
#503=LINE('',#2699,#670);
#504=LINE('',#2701,#671);
#505=LINE('',#2702,#672);
#506=LINE('',#2704,#673);
#507=LINE('',#2705,#674);
#508=LINE('',#2710,#675);
#509=LINE('',#2712,#676);
#510=LINE('',#2714,#677);
#511=LINE('',#2715,#678);
#512=LINE('',#2718,#679);
#513=LINE('',#2720,#680);
#514=LINE('',#2721,#681);
#515=LINE('',#2724,#682);
#516=LINE('',#2726,#683);
#517=LINE('',#2727,#684);
#518=LINE('',#2729,#685);
#519=LINE('',#2730,#686);
#520=VECTOR('',#1833,3.24999999999999);
#521=VECTOR('',#1844,3.24999999999999);
#522=VECTOR('',#1855,3.24999999999999);
#523=VECTOR('',#1866,3.24999999999999);
#524=VECTOR('',#1875,10.);
#525=VECTOR('',#1876,10.);
#526=VECTOR('',#1877,10.);
#527=VECTOR('',#1878,10.);
#528=VECTOR('',#1881,10.);
#529=VECTOR('',#1882,10.);
#530=VECTOR('',#1883,10.);
#531=VECTOR('',#1886,10.);
#532=VECTOR('',#1887,10.);
#533=VECTOR('',#1888,10.);
#534=VECTOR('',#1891,10.);
#535=VECTOR('',#1892,10.);
#536=VECTOR('',#1895,10.);
#537=VECTOR('',#1896,10.);
#538=VECTOR('',#1897,10.);
#539=VECTOR('',#1898,10.);
#540=VECTOR('',#1901,10.);
#541=VECTOR('',#1902,10.);
#542=VECTOR('',#1903,10.);
#543=VECTOR('',#1906,10.);
#544=VECTOR('',#1907,10.);
#545=VECTOR('',#1908,10.);
#546=VECTOR('',#1911,10.);
#547=VECTOR('',#1912,10.);
#548=VECTOR('',#1915,10.);
#549=VECTOR('',#1916,10.);
#550=VECTOR('',#1917,10.);
#551=VECTOR('',#1918,10.);
#552=VECTOR('',#1921,10.);
#553=VECTOR('',#1922,10.);
#554=VECTOR('',#1923,10.);
#555=VECTOR('',#1926,10.);
#556=VECTOR('',#1927,10.);
#557=VECTOR('',#1928,10.);
#558=VECTOR('',#1931,10.);
#559=VECTOR('',#1932,10.);
#560=VECTOR('',#1935,10.);
#561=VECTOR('',#1936,10.);
#562=VECTOR('',#1937,10.);
#563=VECTOR('',#1938,10.);
#564=VECTOR('',#1941,10.);
#565=VECTOR('',#1942,10.);
#566=VECTOR('',#1943,10.);
#567=VECTOR('',#1946,10.);
#568=VECTOR('',#1947,10.);
#569=VECTOR('',#1948,10.);
#570=VECTOR('',#1951,10.);
#571=VECTOR('',#1952,10.);
#572=VECTOR('',#1955,10.);
#573=VECTOR('',#1956,10.);
#574=VECTOR('',#1957,10.);
#575=VECTOR('',#1958,10.);
#576=VECTOR('',#1961,10.);
#577=VECTOR('',#1962,10.);
#578=VECTOR('',#1963,10.);
#579=VECTOR('',#1966,10.);
#580=VECTOR('',#1967,10.);
#581=VECTOR('',#1968,10.);
#582=VECTOR('',#1971,10.);
#583=VECTOR('',#1972,10.);
#584=VECTOR('',#1975,10.);
#585=VECTOR('',#1976,10.);
#586=VECTOR('',#1977,10.);
#587=VECTOR('',#1978,10.);
#588=VECTOR('',#1981,10.);
#589=VECTOR('',#1982,10.);
#590=VECTOR('',#1983,10.);
#591=VECTOR('',#1986,10.);
#592=VECTOR('',#1987,10.);
#593=VECTOR('',#1988,10.);
#594=VECTOR('',#1991,10.);
#595=VECTOR('',#1992,10.);
#596=VECTOR('',#1995,10.);
#597=VECTOR('',#1996,10.);
#598=VECTOR('',#1997,10.);
#599=VECTOR('',#1998,10.);
#600=VECTOR('',#2001,10.);
#601=VECTOR('',#2002,10.);
#602=VECTOR('',#2003,10.);
#603=VECTOR('',#2006,10.);
#604=VECTOR('',#2007,10.);
#605=VECTOR('',#2008,10.);
#606=VECTOR('',#2011,10.);
#607=VECTOR('',#2012,10.);
#608=VECTOR('',#2015,10.);
#609=VECTOR('',#2016,10.);
#610=VECTOR('',#2017,10.);
#611=VECTOR('',#2018,10.);
#612=VECTOR('',#2021,10.);
#613=VECTOR('',#2022,10.);
#614=VECTOR('',#2023,10.);
#615=VECTOR('',#2026,10.);
#616=VECTOR('',#2027,10.);
#617=VECTOR('',#2028,10.);
#618=VECTOR('',#2031,10.);
#619=VECTOR('',#2032,10.);
#620=VECTOR('',#2037,1.7);
#621=VECTOR('',#2042,1.7);
#622=VECTOR('',#2047,1.8);
#623=VECTOR('',#2054,1.8);
#624=VECTOR('',#2059,10.);
#625=VECTOR('',#2072,19.5);
#626=VECTOR('',#2077,10.);
#627=VECTOR('',#2082,1.8);
#628=VECTOR('',#2089,1.8);
#629=VECTOR('',#2096,1.8);
#630=VECTOR('',#2103,1.8);
#631=VECTOR('',#2110,1.8);
#632=VECTOR('',#2117,1.8);
#633=VECTOR('',#2122,10.);
#634=VECTOR('',#2135,19.5);
#635=VECTOR('',#2140,10.);
#636=VECTOR('',#2145,1.8);
#637=VECTOR('',#2152,1.8);
#638=VECTOR('',#2157,10.);
#639=VECTOR('',#2170,19.5);
#640=VECTOR('',#2175,10.);
#641=VECTOR('',#2180,1.8);
#642=VECTOR('',#2187,1.8);
#643=VECTOR('',#2194,1.7);
#644=VECTOR('',#2199,1.7);
#645=VECTOR('',#2202,10.);
#646=VECTOR('',#2203,10.);
#647=VECTOR('',#2206,10.);
#648=VECTOR('',#2207,10.);
#649=VECTOR('',#2210,10.);
#650=VECTOR('',#2211,10.);
#651=VECTOR('',#2212,10.);
#652=VECTOR('',#2213,10.);
#653=VECTOR('',#2214,10.);
#654=VECTOR('',#2217,10.);
#655=VECTOR('',#2218,10.);
#656=VECTOR('',#2219,10.);
#657=VECTOR('',#2222,10.);
#658=VECTOR('',#2223,10.);
#659=VECTOR('',#2224,10.);
#660=VECTOR('',#2227,10.);
#661=VECTOR('',#2228,10.);
#662=VECTOR('',#2233,10.);
#663=VECTOR('',#2234,10.);
#664=VECTOR('',#2235,10.);
#665=VECTOR('',#2236,10.);
#666=VECTOR('',#2239,10.);
#667=VECTOR('',#2240,10.);
#668=VECTOR('',#2241,10.);
#669=VECTOR('',#2244,10.);
#670=VECTOR('',#2245,10.);
#671=VECTOR('',#2246,10.);
#672=VECTOR('',#2247,10.);
#673=VECTOR('',#2250,10.);
#674=VECTOR('',#2251,10.);
#675=VECTOR('',#2256,10.);
#676=VECTOR('',#2257,10.);
#677=VECTOR('',#2258,10.);
#678=VECTOR('',#2259,10.);
#679=VECTOR('',#2262,10.);
#680=VECTOR('',#2263,10.);
#681=VECTOR('',#2264,10.);
#682=VECTOR('',#2267,10.);
#683=VECTOR('',#2268,10.);
#684=VECTOR('',#2269,10.);
#685=VECTOR('',#2272,10.);
#686=VECTOR('',#2273,10.);
#687=CIRCLE('',#1687,3.24999999999999);
#688=CIRCLE('',#1688,3.24999999999999);
#689=CIRCLE('',#1690,1.7);
#690=CIRCLE('',#1692,3.24999999999999);
#691=CIRCLE('',#1693,3.24999999999999);
#692=CIRCLE('',#1695,1.7);
#693=CIRCLE('',#1697,3.24999999999999);
#694=CIRCLE('',#1698,3.24999999999999);
#695=CIRCLE('',#1700,1.7);
#696=CIRCLE('',#1702,3.24999999999999);
#697=CIRCLE('',#1703,3.24999999999999);
#698=CIRCLE('',#1705,1.7);
#699=CIRCLE('',#1739,1.7);
#700=CIRCLE('',#1741,1.7);
#701=CIRCLE('',#1743,1.8);
#702=CIRCLE('',#1744,1.8);
#703=CIRCLE('',#1746,1.8);
#704=CIRCLE('',#1747,1.8);
#705=CIRCLE('',#1749,19.5);
#706=CIRCLE('',#1751,19.5);
#707=CIRCLE('',#1752,19.5);
#708=CIRCLE('',#1753,19.5);
#709=CIRCLE('',#1754,19.5);
#710=CIRCLE('',#1755,19.5);
#711=CIRCLE('',#1758,1.8);
#712=CIRCLE('',#1759,1.8);
#713=CIRCLE('',#1761,1.8);
#714=CIRCLE('',#1762,1.8);
#715=CIRCLE('',#1764,1.8);
#716=CIRCLE('',#1765,1.8);
#717=CIRCLE('',#1767,1.8);
#718=CIRCLE('',#1768,1.8);
#719=CIRCLE('',#1770,1.8);
#720=CIRCLE('',#1771,1.8);
#721=CIRCLE('',#1773,1.8);
#722=CIRCLE('',#1774,1.8);
#723=CIRCLE('',#1776,19.5);
#724=CIRCLE('',#1778,19.5);
#725=CIRCLE('',#1779,19.5);
#726=CIRCLE('',#1780,19.5);
#727=CIRCLE('',#1781,19.5);
#728=CIRCLE('',#1782,19.5);
#729=CIRCLE('',#1785,1.8);
#730=CIRCLE('',#1786,1.8);
#731=CIRCLE('',#1788,1.8);
#732=CIRCLE('',#1789,1.8);
#733=CIRCLE('',#1791,19.5);
#734=CIRCLE('',#1793,19.5);
#735=CIRCLE('',#1794,19.5);
#736=CIRCLE('',#1795,19.5);
#737=CIRCLE('',#1796,19.5);
#738=CIRCLE('',#1797,19.5);
#739=CIRCLE('',#1800,1.8);
#740=CIRCLE('',#1801,1.8);
#741=CIRCLE('',#1803,1.8);
#742=CIRCLE('',#1804,1.8);
#743=CIRCLE('',#1806,1.7);
#744=CIRCLE('',#1808,1.7);
#745=VERTEX_POINT('',#2280);
#746=VERTEX_POINT('',#2282);
#747=VERTEX_POINT('',#2286);
#748=VERTEX_POINT('',#2289);
#749=VERTEX_POINT('',#2291);
#750=VERTEX_POINT('',#2295);
#751=VERTEX_POINT('',#2298);
#752=VERTEX_POINT('',#2300);
#753=VERTEX_POINT('',#2304);
#754=VERTEX_POINT('',#2307);
#755=VERTEX_POINT('',#2309);
#756=VERTEX_POINT('',#2313);
#757=VERTEX_POINT('',#2316);
#758=VERTEX_POINT('',#2317);
#759=VERTEX_POINT('',#2319);
#760=VERTEX_POINT('',#2321);
#761=VERTEX_POINT('',#2325);
#762=VERTEX_POINT('',#2327);
#763=VERTEX_POINT('',#2331);
#764=VERTEX_POINT('',#2333);
#765=VERTEX_POINT('',#2340);
#766=VERTEX_POINT('',#2341);
#767=VERTEX_POINT('',#2343);
#768=VERTEX_POINT('',#2345);
#769=VERTEX_POINT('',#2349);
#770=VERTEX_POINT('',#2351);
#771=VERTEX_POINT('',#2355);
#772=VERTEX_POINT('',#2357);
#773=VERTEX_POINT('',#2364);
#774=VERTEX_POINT('',#2365);
#775=VERTEX_POINT('',#2367);
#776=VERTEX_POINT('',#2369);
#777=VERTEX_POINT('',#2373);
#778=VERTEX_POINT('',#2375);
#779=VERTEX_POINT('',#2379);
#780=VERTEX_POINT('',#2381);
#781=VERTEX_POINT('',#2388);
#782=VERTEX_POINT('',#2389);
#783=VERTEX_POINT('',#2391);
#784=VERTEX_POINT('',#2393);
#785=VERTEX_POINT('',#2397);
#786=VERTEX_POINT('',#2399);
#787=VERTEX_POINT('',#2403);
#788=VERTEX_POINT('',#2405);
#789=VERTEX_POINT('',#2412);
#790=VERTEX_POINT('',#2413);
#791=VERTEX_POINT('',#2415);
#792=VERTEX_POINT('',#2417);
#793=VERTEX_POINT('',#2421);
#794=VERTEX_POINT('',#2423);
#795=VERTEX_POINT('',#2427);
#796=VERTEX_POINT('',#2429);
#797=VERTEX_POINT('',#2436);
#798=VERTEX_POINT('',#2437);
#799=VERTEX_POINT('',#2439);
#800=VERTEX_POINT('',#2441);
#801=VERTEX_POINT('',#2445);
#802=VERTEX_POINT('',#2447);
#803=VERTEX_POINT('',#2451);
#804=VERTEX_POINT('',#2453);
#805=VERTEX_POINT('',#2460);
#806=VERTEX_POINT('',#2461);
#807=VERTEX_POINT('',#2463);
#808=VERTEX_POINT('',#2465);
#809=VERTEX_POINT('',#2469);
#810=VERTEX_POINT('',#2471);
#811=VERTEX_POINT('',#2475);
#812=VERTEX_POINT('',#2477);
#813=VERTEX_POINT('',#2484);
#814=VERTEX_POINT('',#2485);
#815=VERTEX_POINT('',#2487);
#816=VERTEX_POINT('',#2489);
#817=VERTEX_POINT('',#2493);
#818=VERTEX_POINT('',#2495);
#819=VERTEX_POINT('',#2499);
#820=VERTEX_POINT('',#2501);
#821=VERTEX_POINT('',#2508);
#822=VERTEX_POINT('',#2512);
#823=VERTEX_POINT('',#2516);
#824=VERTEX_POINT('',#2518);
#825=VERTEX_POINT('',#2522);
#826=VERTEX_POINT('',#2524);
#827=VERTEX_POINT('',#2528);
#828=VERTEX_POINT('',#2529);
#829=VERTEX_POINT('',#2533);
#830=VERTEX_POINT('',#2534);
#831=VERTEX_POINT('',#2536);
#832=VERTEX_POINT('',#2540);
#833=VERTEX_POINT('',#2546);
#834=VERTEX_POINT('',#2548);
#835=VERTEX_POINT('',#2552);
#836=VERTEX_POINT('',#2554);
#837=VERTEX_POINT('',#2558);
#838=VERTEX_POINT('',#2560);
#839=VERTEX_POINT('',#2564);
#840=VERTEX_POINT('',#2566);
#841=VERTEX_POINT('',#2570);
#842=VERTEX_POINT('',#2572);
#843=VERTEX_POINT('',#2576);
#844=VERTEX_POINT('',#2578);
#845=VERTEX_POINT('',#2582);
#846=VERTEX_POINT('',#2583);
#847=VERTEX_POINT('',#2587);
#848=VERTEX_POINT('',#2588);
#849=VERTEX_POINT('',#2590);
#850=VERTEX_POINT('',#2594);
#851=VERTEX_POINT('',#2600);
#852=VERTEX_POINT('',#2602);
#853=VERTEX_POINT('',#2606);
#854=VERTEX_POINT('',#2608);
#855=VERTEX_POINT('',#2612);
#856=VERTEX_POINT('',#2613);
#857=VERTEX_POINT('',#2617);
#858=VERTEX_POINT('',#2618);
#859=VERTEX_POINT('',#2620);
#860=VERTEX_POINT('',#2624);
#861=VERTEX_POINT('',#2630);
#862=VERTEX_POINT('',#2632);
#863=VERTEX_POINT('',#2636);
#864=VERTEX_POINT('',#2638);
#865=VERTEX_POINT('',#2642);
#866=VERTEX_POINT('',#2646);
#867=VERTEX_POINT('',#2656);
#868=VERTEX_POINT('',#2658);
#869=VERTEX_POINT('',#2660);
#870=VERTEX_POINT('',#2662);
#871=VERTEX_POINT('',#2666);
#872=VERTEX_POINT('',#2668);
#873=VERTEX_POINT('',#2672);
#874=VERTEX_POINT('',#2674);
#875=VERTEX_POINT('',#2682);
#876=VERTEX_POINT('',#2683);
#877=VERTEX_POINT('',#2685);
#878=VERTEX_POINT('',#2687);
#879=VERTEX_POINT('',#2691);
#880=VERTEX_POINT('',#2693);
#881=VERTEX_POINT('',#2698);
#882=VERTEX_POINT('',#2700);
#883=VERTEX_POINT('',#2708);
#884=VERTEX_POINT('',#2709);
#885=VERTEX_POINT('',#2711);
#886=VERTEX_POINT('',#2713);
#887=VERTEX_POINT('',#2717);
#888=VERTEX_POINT('',#2719);
#889=VERTEX_POINT('',#2723);
#890=VERTEX_POINT('',#2725);
#891=EDGE_CURVE('',#745,#745,#687,.T.);
#892=EDGE_CURVE('',#745,#746,#353,.T.);
#893=EDGE_CURVE('',#746,#746,#688,.T.);
#894=EDGE_CURVE('',#747,#747,#689,.T.);
#895=EDGE_CURVE('',#748,#748,#690,.T.);
#896=EDGE_CURVE('',#748,#749,#354,.T.);
#897=EDGE_CURVE('',#749,#749,#691,.T.);
#898=EDGE_CURVE('',#750,#750,#692,.T.);
#899=EDGE_CURVE('',#751,#751,#693,.T.);
#900=EDGE_CURVE('',#751,#752,#355,.T.);
#901=EDGE_CURVE('',#752,#752,#694,.T.);
#902=EDGE_CURVE('',#753,#753,#695,.T.);
#903=EDGE_CURVE('',#754,#754,#696,.T.);
#904=EDGE_CURVE('',#754,#755,#356,.T.);
#905=EDGE_CURVE('',#755,#755,#697,.T.);
#906=EDGE_CURVE('',#756,#756,#698,.T.);
#907=EDGE_CURVE('',#757,#758,#357,.T.);
#908=EDGE_CURVE('',#757,#759,#358,.T.);
#909=EDGE_CURVE('',#760,#759,#359,.T.);
#910=EDGE_CURVE('',#758,#760,#360,.T.);
#911=EDGE_CURVE('',#761,#757,#361,.T.);
#912=EDGE_CURVE('',#761,#762,#362,.T.);
#913=EDGE_CURVE('',#759,#762,#363,.T.);
#914=EDGE_CURVE('',#763,#761,#364,.T.);
#915=EDGE_CURVE('',#763,#764,#365,.T.);
#916=EDGE_CURVE('',#762,#764,#366,.T.);
#917=EDGE_CURVE('',#758,#763,#367,.T.);
#918=EDGE_CURVE('',#764,#760,#368,.T.);
#919=EDGE_CURVE('',#765,#766,#369,.T.);
#920=EDGE_CURVE('',#765,#767,#370,.T.);
#921=EDGE_CURVE('',#768,#767,#371,.T.);
#922=EDGE_CURVE('',#766,#768,#372,.T.);
#923=EDGE_CURVE('',#769,#765,#373,.T.);
#924=EDGE_CURVE('',#769,#770,#374,.T.);
#925=EDGE_CURVE('',#767,#770,#375,.T.);
#926=EDGE_CURVE('',#771,#769,#376,.T.);
#927=EDGE_CURVE('',#771,#772,#377,.T.);
#928=EDGE_CURVE('',#770,#772,#378,.T.);
#929=EDGE_CURVE('',#766,#771,#379,.T.);
#930=EDGE_CURVE('',#772,#768,#380,.T.);
#931=EDGE_CURVE('',#773,#774,#381,.T.);
#932=EDGE_CURVE('',#773,#775,#382,.T.);
#933=EDGE_CURVE('',#776,#775,#383,.T.);
#934=EDGE_CURVE('',#774,#776,#384,.T.);
#935=EDGE_CURVE('',#777,#773,#385,.T.);
#936=EDGE_CURVE('',#777,#778,#386,.T.);
#937=EDGE_CURVE('',#775,#778,#387,.T.);
#938=EDGE_CURVE('',#779,#777,#388,.T.);
#939=EDGE_CURVE('',#779,#780,#389,.T.);
#940=EDGE_CURVE('',#778,#780,#390,.T.);
#941=EDGE_CURVE('',#774,#779,#391,.T.);
#942=EDGE_CURVE('',#780,#776,#392,.T.);
#943=EDGE_CURVE('',#781,#782,#393,.T.);
#944=EDGE_CURVE('',#781,#783,#394,.T.);
#945=EDGE_CURVE('',#784,#783,#395,.T.);
#946=EDGE_CURVE('',#782,#784,#396,.T.);
#947=EDGE_CURVE('',#785,#781,#397,.T.);
#948=EDGE_CURVE('',#785,#786,#398,.T.);
#949=EDGE_CURVE('',#783,#786,#399,.T.);
#950=EDGE_CURVE('',#787,#785,#400,.T.);
#951=EDGE_CURVE('',#787,#788,#401,.T.);
#952=EDGE_CURVE('',#786,#788,#402,.T.);
#953=EDGE_CURVE('',#782,#787,#403,.T.);
#954=EDGE_CURVE('',#788,#784,#404,.T.);
#955=EDGE_CURVE('',#789,#790,#405,.T.);
#956=EDGE_CURVE('',#789,#791,#406,.T.);
#957=EDGE_CURVE('',#792,#791,#407,.T.);
#958=EDGE_CURVE('',#790,#792,#408,.T.);
#959=EDGE_CURVE('',#793,#789,#409,.T.);
#960=EDGE_CURVE('',#793,#794,#410,.T.);
#961=EDGE_CURVE('',#791,#794,#411,.T.);
#962=EDGE_CURVE('',#795,#793,#412,.T.);
#963=EDGE_CURVE('',#795,#796,#413,.T.);
#964=EDGE_CURVE('',#794,#796,#414,.T.);
#965=EDGE_CURVE('',#790,#795,#415,.T.);
#966=EDGE_CURVE('',#796,#792,#416,.T.);
#967=EDGE_CURVE('',#797,#798,#417,.T.);
#968=EDGE_CURVE('',#797,#799,#418,.T.);
#969=EDGE_CURVE('',#800,#799,#419,.T.);
#970=EDGE_CURVE('',#798,#800,#420,.T.);
#971=EDGE_CURVE('',#801,#797,#421,.T.);
#972=EDGE_CURVE('',#801,#802,#422,.T.);
#973=EDGE_CURVE('',#799,#802,#423,.T.);
#974=EDGE_CURVE('',#803,#801,#424,.T.);
#975=EDGE_CURVE('',#803,#804,#425,.T.);
#976=EDGE_CURVE('',#802,#804,#426,.T.);
#977=EDGE_CURVE('',#798,#803,#427,.T.);
#978=EDGE_CURVE('',#804,#800,#428,.T.);
#979=EDGE_CURVE('',#805,#806,#429,.T.);
#980=EDGE_CURVE('',#805,#807,#430,.T.);
#981=EDGE_CURVE('',#808,#807,#431,.T.);
#982=EDGE_CURVE('',#806,#808,#432,.T.);
#983=EDGE_CURVE('',#809,#805,#433,.T.);
#984=EDGE_CURVE('',#809,#810,#434,.T.);
#985=EDGE_CURVE('',#807,#810,#435,.T.);
#986=EDGE_CURVE('',#811,#809,#436,.T.);
#987=EDGE_CURVE('',#811,#812,#437,.T.);
#988=EDGE_CURVE('',#810,#812,#438,.T.);
#989=EDGE_CURVE('',#806,#811,#439,.T.);
#990=EDGE_CURVE('',#812,#808,#440,.T.);
#991=EDGE_CURVE('',#813,#814,#441,.T.);
#992=EDGE_CURVE('',#813,#815,#442,.T.);
#993=EDGE_CURVE('',#816,#815,#443,.T.);
#994=EDGE_CURVE('',#814,#816,#444,.T.);
#995=EDGE_CURVE('',#817,#813,#445,.T.);
#996=EDGE_CURVE('',#817,#818,#446,.T.);
#997=EDGE_CURVE('',#815,#818,#447,.T.);
#998=EDGE_CURVE('',#819,#817,#448,.T.);
#999=EDGE_CURVE('',#819,#820,#449,.T.);
#1000=EDGE_CURVE('',#818,#820,#450,.T.);
#1001=EDGE_CURVE('',#814,#819,#451,.T.);
#1002=EDGE_CURVE('',#820,#816,#452,.T.);
#1003=EDGE_CURVE('',#821,#821,#699,.T.);
#1004=EDGE_CURVE('',#821,#747,#453,.T.);
#1005=EDGE_CURVE('',#822,#822,#700,.T.);
#1006=EDGE_CURVE('',#822,#753,#454,.T.);
#1007=EDGE_CURVE('',#823,#823,#701,.T.);
#1008=EDGE_CURVE('',#823,#824,#455,.T.);
#1009=EDGE_CURVE('',#824,#824,#702,.T.);
#1010=EDGE_CURVE('',#825,#825,#703,.T.);
#1011=EDGE_CURVE('',#825,#826,#456,.T.);
#1012=EDGE_CURVE('',#826,#826,#704,.T.);
#1013=EDGE_CURVE('',#827,#828,#457,.T.);
#1014=EDGE_CURVE('',#828,#827,#705,.T.);
#1015=EDGE_CURVE('',#829,#830,#706,.T.);
#1016=EDGE_CURVE('',#831,#829,#707,.T.);
#1017=EDGE_CURVE('',#827,#831,#708,.T.);
#1018=EDGE_CURVE('',#830,#828,#709,.T.);
#1019=EDGE_CURVE('',#830,#832,#458,.T.);
#1020=EDGE_CURVE('',#832,#832,#710,.T.);
#1021=EDGE_CURVE('',#829,#831,#459,.T.);
#1022=EDGE_CURVE('',#833,#833,#711,.T.);
#1023=EDGE_CURVE('',#833,#834,#460,.T.);
#1024=EDGE_CURVE('',#834,#834,#712,.T.);
#1025=EDGE_CURVE('',#835,#835,#713,.T.);
#1026=EDGE_CURVE('',#835,#836,#461,.T.);
#1027=EDGE_CURVE('',#836,#836,#714,.T.);
#1028=EDGE_CURVE('',#837,#837,#715,.T.);
#1029=EDGE_CURVE('',#837,#838,#462,.T.);
#1030=EDGE_CURVE('',#838,#838,#716,.T.);
#1031=EDGE_CURVE('',#839,#839,#717,.T.);
#1032=EDGE_CURVE('',#839,#840,#463,.T.);
#1033=EDGE_CURVE('',#840,#840,#718,.T.);
#1034=EDGE_CURVE('',#841,#841,#719,.T.);
#1035=EDGE_CURVE('',#841,#842,#464,.T.);
#1036=EDGE_CURVE('',#842,#842,#720,.T.);
#1037=EDGE_CURVE('',#843,#843,#721,.T.);
#1038=EDGE_CURVE('',#843,#844,#465,.T.);
#1039=EDGE_CURVE('',#844,#844,#722,.T.);
#1040=EDGE_CURVE('',#845,#846,#466,.T.);
#1041=EDGE_CURVE('',#846,#845,#723,.T.);
#1042=EDGE_CURVE('',#847,#848,#724,.T.);
#1043=EDGE_CURVE('',#849,#847,#725,.T.);
#1044=EDGE_CURVE('',#845,#849,#726,.T.);
#1045=EDGE_CURVE('',#848,#846,#727,.T.);
#1046=EDGE_CURVE('',#848,#850,#467,.T.);
#1047=EDGE_CURVE('',#850,#850,#728,.T.);
#1048=EDGE_CURVE('',#847,#849,#468,.T.);
#1049=EDGE_CURVE('',#851,#851,#729,.T.);
#1050=EDGE_CURVE('',#851,#852,#469,.T.);
#1051=EDGE_CURVE('',#852,#852,#730,.T.);
#1052=EDGE_CURVE('',#853,#853,#731,.T.);
#1053=EDGE_CURVE('',#853,#854,#470,.T.);
#1054=EDGE_CURVE('',#854,#854,#732,.T.);
#1055=EDGE_CURVE('',#855,#856,#471,.T.);
#1056=EDGE_CURVE('',#856,#855,#733,.T.);
#1057=EDGE_CURVE('',#857,#858,#734,.T.);
#1058=EDGE_CURVE('',#859,#857,#735,.T.);
#1059=EDGE_CURVE('',#855,#859,#736,.T.);
#1060=EDGE_CURVE('',#858,#856,#737,.T.);
#1061=EDGE_CURVE('',#858,#860,#472,.T.);
#1062=EDGE_CURVE('',#860,#860,#738,.T.);
#1063=EDGE_CURVE('',#857,#859,#473,.T.);
#1064=EDGE_CURVE('',#861,#861,#739,.T.);
#1065=EDGE_CURVE('',#861,#862,#474,.T.);
#1066=EDGE_CURVE('',#862,#862,#740,.T.);
#1067=EDGE_CURVE('',#863,#863,#741,.T.);
#1068=EDGE_CURVE('',#863,#864,#475,.T.);
#1069=EDGE_CURVE('',#864,#864,#742,.T.);
#1070=EDGE_CURVE('',#865,#865,#743,.T.);
#1071=EDGE_CURVE('',#865,#750,#476,.T.);
#1072=EDGE_CURVE('',#866,#866,#744,.T.);
#1073=EDGE_CURVE('',#866,#756,#477,.T.);
#1074=EDGE_CURVE('',#849,#857,#478,.T.);
#1075=EDGE_CURVE('',#856,#845,#479,.T.);
#1076=EDGE_CURVE('',#831,#847,#480,.T.);
#1077=EDGE_CURVE('',#846,#827,#481,.T.);
#1078=EDGE_CURVE('',#867,#829,#482,.T.);
#1079=EDGE_CURVE('',#867,#868,#483,.T.);
#1080=EDGE_CURVE('',#869,#868,#484,.T.);
#1081=EDGE_CURVE('',#870,#869,#485,.T.);
#1082=EDGE_CURVE('',#859,#870,#486,.T.);
#1083=EDGE_CURVE('',#870,#871,#487,.T.);
#1084=EDGE_CURVE('',#872,#869,#488,.T.);
#1085=EDGE_CURVE('',#871,#872,#489,.T.);
#1086=EDGE_CURVE('',#871,#873,#490,.T.);
#1087=EDGE_CURVE('',#874,#872,#491,.T.);
#1088=EDGE_CURVE('',#873,#874,#492,.T.);
#1089=EDGE_CURVE('',#873,#867,#493,.T.);
#1090=EDGE_CURVE('',#868,#874,#494,.T.);
#1091=EDGE_CURVE('',#875,#876,#495,.T.);
#1092=EDGE_CURVE('',#875,#877,#496,.T.);
#1093=EDGE_CURVE('',#878,#877,#497,.T.);
#1094=EDGE_CURVE('',#876,#878,#498,.T.);
#1095=EDGE_CURVE('',#876,#879,#499,.T.);
#1096=EDGE_CURVE('',#880,#878,#500,.T.);
#1097=EDGE_CURVE('',#879,#880,#501,.T.);
#1098=EDGE_CURVE('',#879,#855,#502,.T.);
#1099=EDGE_CURVE('',#881,#880,#503,.T.);
#1100=EDGE_CURVE('',#882,#881,#504,.T.);
#1101=EDGE_CURVE('',#828,#882,#505,.T.);
#1102=EDGE_CURVE('',#882,#875,#506,.T.);
#1103=EDGE_CURVE('',#877,#881,#507,.T.);
#1104=EDGE_CURVE('',#883,#884,#508,.T.);
#1105=EDGE_CURVE('',#884,#885,#509,.T.);
#1106=EDGE_CURVE('',#886,#885,#510,.T.);
#1107=EDGE_CURVE('',#883,#886,#511,.T.);
#1108=EDGE_CURVE('',#887,#883,#512,.T.);
#1109=EDGE_CURVE('',#888,#886,#513,.T.);
#1110=EDGE_CURVE('',#887,#888,#514,.T.);
#1111=EDGE_CURVE('',#889,#887,#515,.T.);
#1112=EDGE_CURVE('',#890,#888,#516,.T.);
#1113=EDGE_CURVE('',#889,#890,#517,.T.);
#1114=EDGE_CURVE('',#884,#889,#518,.T.);
#1115=EDGE_CURVE('',#885,#890,#519,.T.);
#1116=ORIENTED_EDGE('',*,*,#891,.F.);
#1117=ORIENTED_EDGE('',*,*,#892,.T.);
#1118=ORIENTED_EDGE('',*,*,#893,.T.);
#1119=ORIENTED_EDGE('',*,*,#892,.F.);
#1120=ORIENTED_EDGE('',*,*,#893,.F.);
#1121=ORIENTED_EDGE('',*,*,#894,.F.);
#1122=ORIENTED_EDGE('',*,*,#895,.F.);
#1123=ORIENTED_EDGE('',*,*,#896,.T.);
#1124=ORIENTED_EDGE('',*,*,#897,.T.);
#1125=ORIENTED_EDGE('',*,*,#896,.F.);
#1126=ORIENTED_EDGE('',*,*,#897,.F.);
#1127=ORIENTED_EDGE('',*,*,#898,.F.);
#1128=ORIENTED_EDGE('',*,*,#899,.F.);
#1129=ORIENTED_EDGE('',*,*,#900,.T.);
#1130=ORIENTED_EDGE('',*,*,#901,.T.);
#1131=ORIENTED_EDGE('',*,*,#900,.F.);
#1132=ORIENTED_EDGE('',*,*,#901,.F.);
#1133=ORIENTED_EDGE('',*,*,#902,.F.);
#1134=ORIENTED_EDGE('',*,*,#903,.F.);
#1135=ORIENTED_EDGE('',*,*,#904,.T.);
#1136=ORIENTED_EDGE('',*,*,#905,.T.);
#1137=ORIENTED_EDGE('',*,*,#904,.F.);
#1138=ORIENTED_EDGE('',*,*,#905,.F.);
#1139=ORIENTED_EDGE('',*,*,#906,.F.);
#1140=ORIENTED_EDGE('',*,*,#907,.F.);
#1141=ORIENTED_EDGE('',*,*,#908,.T.);
#1142=ORIENTED_EDGE('',*,*,#909,.F.);
#1143=ORIENTED_EDGE('',*,*,#910,.F.);
#1144=ORIENTED_EDGE('',*,*,#911,.F.);
#1145=ORIENTED_EDGE('',*,*,#912,.T.);
#1146=ORIENTED_EDGE('',*,*,#913,.F.);
#1147=ORIENTED_EDGE('',*,*,#908,.F.);
#1148=ORIENTED_EDGE('',*,*,#914,.F.);
#1149=ORIENTED_EDGE('',*,*,#915,.T.);
#1150=ORIENTED_EDGE('',*,*,#916,.F.);
#1151=ORIENTED_EDGE('',*,*,#912,.F.);
#1152=ORIENTED_EDGE('',*,*,#917,.F.);
#1153=ORIENTED_EDGE('',*,*,#910,.T.);
#1154=ORIENTED_EDGE('',*,*,#918,.F.);
#1155=ORIENTED_EDGE('',*,*,#915,.F.);
#1156=ORIENTED_EDGE('',*,*,#919,.F.);
#1157=ORIENTED_EDGE('',*,*,#920,.T.);
#1158=ORIENTED_EDGE('',*,*,#921,.F.);
#1159=ORIENTED_EDGE('',*,*,#922,.F.);
#1160=ORIENTED_EDGE('',*,*,#923,.F.);
#1161=ORIENTED_EDGE('',*,*,#924,.T.);
#1162=ORIENTED_EDGE('',*,*,#925,.F.);
#1163=ORIENTED_EDGE('',*,*,#920,.F.);
#1164=ORIENTED_EDGE('',*,*,#926,.F.);
#1165=ORIENTED_EDGE('',*,*,#927,.T.);
#1166=ORIENTED_EDGE('',*,*,#928,.F.);
#1167=ORIENTED_EDGE('',*,*,#924,.F.);
#1168=ORIENTED_EDGE('',*,*,#929,.F.);
#1169=ORIENTED_EDGE('',*,*,#922,.T.);
#1170=ORIENTED_EDGE('',*,*,#930,.F.);
#1171=ORIENTED_EDGE('',*,*,#927,.F.);
#1172=ORIENTED_EDGE('',*,*,#931,.F.);
#1173=ORIENTED_EDGE('',*,*,#932,.T.);
#1174=ORIENTED_EDGE('',*,*,#933,.F.);
#1175=ORIENTED_EDGE('',*,*,#934,.F.);
#1176=ORIENTED_EDGE('',*,*,#935,.F.);
#1177=ORIENTED_EDGE('',*,*,#936,.T.);
#1178=ORIENTED_EDGE('',*,*,#937,.F.);
#1179=ORIENTED_EDGE('',*,*,#932,.F.);
#1180=ORIENTED_EDGE('',*,*,#938,.F.);
#1181=ORIENTED_EDGE('',*,*,#939,.T.);
#1182=ORIENTED_EDGE('',*,*,#940,.F.);
#1183=ORIENTED_EDGE('',*,*,#936,.F.);
#1184=ORIENTED_EDGE('',*,*,#941,.F.);
#1185=ORIENTED_EDGE('',*,*,#934,.T.);
#1186=ORIENTED_EDGE('',*,*,#942,.F.);
#1187=ORIENTED_EDGE('',*,*,#939,.F.);
#1188=ORIENTED_EDGE('',*,*,#943,.F.);
#1189=ORIENTED_EDGE('',*,*,#944,.T.);
#1190=ORIENTED_EDGE('',*,*,#945,.F.);
#1191=ORIENTED_EDGE('',*,*,#946,.F.);
#1192=ORIENTED_EDGE('',*,*,#947,.F.);
#1193=ORIENTED_EDGE('',*,*,#948,.T.);
#1194=ORIENTED_EDGE('',*,*,#949,.F.);
#1195=ORIENTED_EDGE('',*,*,#944,.F.);
#1196=ORIENTED_EDGE('',*,*,#950,.F.);
#1197=ORIENTED_EDGE('',*,*,#951,.T.);
#1198=ORIENTED_EDGE('',*,*,#952,.F.);
#1199=ORIENTED_EDGE('',*,*,#948,.F.);
#1200=ORIENTED_EDGE('',*,*,#953,.F.);
#1201=ORIENTED_EDGE('',*,*,#946,.T.);
#1202=ORIENTED_EDGE('',*,*,#954,.F.);
#1203=ORIENTED_EDGE('',*,*,#951,.F.);
#1204=ORIENTED_EDGE('',*,*,#955,.F.);
#1205=ORIENTED_EDGE('',*,*,#956,.T.);
#1206=ORIENTED_EDGE('',*,*,#957,.F.);
#1207=ORIENTED_EDGE('',*,*,#958,.F.);
#1208=ORIENTED_EDGE('',*,*,#959,.F.);
#1209=ORIENTED_EDGE('',*,*,#960,.T.);
#1210=ORIENTED_EDGE('',*,*,#961,.F.);
#1211=ORIENTED_EDGE('',*,*,#956,.F.);
#1212=ORIENTED_EDGE('',*,*,#962,.F.);
#1213=ORIENTED_EDGE('',*,*,#963,.T.);
#1214=ORIENTED_EDGE('',*,*,#964,.F.);
#1215=ORIENTED_EDGE('',*,*,#960,.F.);
#1216=ORIENTED_EDGE('',*,*,#965,.F.);
#1217=ORIENTED_EDGE('',*,*,#958,.T.);
#1218=ORIENTED_EDGE('',*,*,#966,.F.);
#1219=ORIENTED_EDGE('',*,*,#963,.F.);
#1220=ORIENTED_EDGE('',*,*,#967,.F.);
#1221=ORIENTED_EDGE('',*,*,#968,.T.);
#1222=ORIENTED_EDGE('',*,*,#969,.F.);
#1223=ORIENTED_EDGE('',*,*,#970,.F.);
#1224=ORIENTED_EDGE('',*,*,#971,.F.);
#1225=ORIENTED_EDGE('',*,*,#972,.T.);
#1226=ORIENTED_EDGE('',*,*,#973,.F.);
#1227=ORIENTED_EDGE('',*,*,#968,.F.);
#1228=ORIENTED_EDGE('',*,*,#974,.F.);
#1229=ORIENTED_EDGE('',*,*,#975,.T.);
#1230=ORIENTED_EDGE('',*,*,#976,.F.);
#1231=ORIENTED_EDGE('',*,*,#972,.F.);
#1232=ORIENTED_EDGE('',*,*,#977,.F.);
#1233=ORIENTED_EDGE('',*,*,#970,.T.);
#1234=ORIENTED_EDGE('',*,*,#978,.F.);
#1235=ORIENTED_EDGE('',*,*,#975,.F.);
#1236=ORIENTED_EDGE('',*,*,#979,.F.);
#1237=ORIENTED_EDGE('',*,*,#980,.T.);
#1238=ORIENTED_EDGE('',*,*,#981,.F.);
#1239=ORIENTED_EDGE('',*,*,#982,.F.);
#1240=ORIENTED_EDGE('',*,*,#983,.F.);
#1241=ORIENTED_EDGE('',*,*,#984,.T.);
#1242=ORIENTED_EDGE('',*,*,#985,.F.);
#1243=ORIENTED_EDGE('',*,*,#980,.F.);
#1244=ORIENTED_EDGE('',*,*,#986,.F.);
#1245=ORIENTED_EDGE('',*,*,#987,.T.);
#1246=ORIENTED_EDGE('',*,*,#988,.F.);
#1247=ORIENTED_EDGE('',*,*,#984,.F.);
#1248=ORIENTED_EDGE('',*,*,#989,.F.);
#1249=ORIENTED_EDGE('',*,*,#982,.T.);
#1250=ORIENTED_EDGE('',*,*,#990,.F.);
#1251=ORIENTED_EDGE('',*,*,#987,.F.);
#1252=ORIENTED_EDGE('',*,*,#991,.F.);
#1253=ORIENTED_EDGE('',*,*,#992,.T.);
#1254=ORIENTED_EDGE('',*,*,#993,.F.);
#1255=ORIENTED_EDGE('',*,*,#994,.F.);
#1256=ORIENTED_EDGE('',*,*,#995,.F.);
#1257=ORIENTED_EDGE('',*,*,#996,.T.);
#1258=ORIENTED_EDGE('',*,*,#997,.F.);
#1259=ORIENTED_EDGE('',*,*,#992,.F.);
#1260=ORIENTED_EDGE('',*,*,#998,.F.);
#1261=ORIENTED_EDGE('',*,*,#999,.T.);
#1262=ORIENTED_EDGE('',*,*,#1000,.F.);
#1263=ORIENTED_EDGE('',*,*,#996,.F.);
#1264=ORIENTED_EDGE('',*,*,#1001,.F.);
#1265=ORIENTED_EDGE('',*,*,#994,.T.);
#1266=ORIENTED_EDGE('',*,*,#1002,.F.);
#1267=ORIENTED_EDGE('',*,*,#999,.F.);
#1268=ORIENTED_EDGE('',*,*,#1003,.F.);
#1269=ORIENTED_EDGE('',*,*,#1004,.T.);
#1270=ORIENTED_EDGE('',*,*,#894,.T.);
#1271=ORIENTED_EDGE('',*,*,#1004,.F.);
#1272=ORIENTED_EDGE('',*,*,#1005,.F.);
#1273=ORIENTED_EDGE('',*,*,#1006,.T.);
#1274=ORIENTED_EDGE('',*,*,#902,.T.);
#1275=ORIENTED_EDGE('',*,*,#1006,.F.);
#1276=ORIENTED_EDGE('',*,*,#1007,.F.);
#1277=ORIENTED_EDGE('',*,*,#1008,.T.);
#1278=ORIENTED_EDGE('',*,*,#1009,.F.);
#1279=ORIENTED_EDGE('',*,*,#1008,.F.);
#1280=ORIENTED_EDGE('',*,*,#1010,.F.);
#1281=ORIENTED_EDGE('',*,*,#1011,.T.);
#1282=ORIENTED_EDGE('',*,*,#1012,.F.);
#1283=ORIENTED_EDGE('',*,*,#1011,.F.);
#1284=ORIENTED_EDGE('',*,*,#1013,.T.);
#1285=ORIENTED_EDGE('',*,*,#1014,.T.);
#1286=ORIENTED_EDGE('',*,*,#1015,.F.);
#1287=ORIENTED_EDGE('',*,*,#1016,.F.);
#1288=ORIENTED_EDGE('',*,*,#1017,.F.);
#1289=ORIENTED_EDGE('',*,*,#1014,.F.);
#1290=ORIENTED_EDGE('',*,*,#1018,.F.);
#1291=ORIENTED_EDGE('',*,*,#1019,.T.);
#1292=ORIENTED_EDGE('',*,*,#1020,.F.);
#1293=ORIENTED_EDGE('',*,*,#1019,.F.);
#1294=ORIENTED_EDGE('',*,*,#1021,.T.);
#1295=ORIENTED_EDGE('',*,*,#1016,.T.);
#1296=ORIENTED_EDGE('',*,*,#1022,.F.);
#1297=ORIENTED_EDGE('',*,*,#1023,.T.);
#1298=ORIENTED_EDGE('',*,*,#1024,.F.);
#1299=ORIENTED_EDGE('',*,*,#1023,.F.);
#1300=ORIENTED_EDGE('',*,*,#1025,.F.);
#1301=ORIENTED_EDGE('',*,*,#1026,.T.);
#1302=ORIENTED_EDGE('',*,*,#1027,.F.);
#1303=ORIENTED_EDGE('',*,*,#1026,.F.);
#1304=ORIENTED_EDGE('',*,*,#1028,.F.);
#1305=ORIENTED_EDGE('',*,*,#1029,.T.);
#1306=ORIENTED_EDGE('',*,*,#1030,.F.);
#1307=ORIENTED_EDGE('',*,*,#1029,.F.);
#1308=ORIENTED_EDGE('',*,*,#1031,.F.);
#1309=ORIENTED_EDGE('',*,*,#1032,.T.);
#1310=ORIENTED_EDGE('',*,*,#1033,.F.);
#1311=ORIENTED_EDGE('',*,*,#1032,.F.);
#1312=ORIENTED_EDGE('',*,*,#1034,.F.);
#1313=ORIENTED_EDGE('',*,*,#1035,.T.);
#1314=ORIENTED_EDGE('',*,*,#1036,.F.);
#1315=ORIENTED_EDGE('',*,*,#1035,.F.);
#1316=ORIENTED_EDGE('',*,*,#1037,.F.);
#1317=ORIENTED_EDGE('',*,*,#1038,.T.);
#1318=ORIENTED_EDGE('',*,*,#1039,.F.);
#1319=ORIENTED_EDGE('',*,*,#1038,.F.);
#1320=ORIENTED_EDGE('',*,*,#1040,.T.);
#1321=ORIENTED_EDGE('',*,*,#1041,.T.);
#1322=ORIENTED_EDGE('',*,*,#1042,.F.);
#1323=ORIENTED_EDGE('',*,*,#1043,.F.);
#1324=ORIENTED_EDGE('',*,*,#1044,.F.);
#1325=ORIENTED_EDGE('',*,*,#1041,.F.);
#1326=ORIENTED_EDGE('',*,*,#1045,.F.);
#1327=ORIENTED_EDGE('',*,*,#1046,.T.);
#1328=ORIENTED_EDGE('',*,*,#1047,.F.);
#1329=ORIENTED_EDGE('',*,*,#1046,.F.);
#1330=ORIENTED_EDGE('',*,*,#1048,.T.);
#1331=ORIENTED_EDGE('',*,*,#1043,.T.);
#1332=ORIENTED_EDGE('',*,*,#1049,.F.);
#1333=ORIENTED_EDGE('',*,*,#1050,.T.);
#1334=ORIENTED_EDGE('',*,*,#1051,.F.);
#1335=ORIENTED_EDGE('',*,*,#1050,.F.);
#1336=ORIENTED_EDGE('',*,*,#1052,.F.);
#1337=ORIENTED_EDGE('',*,*,#1053,.T.);
#1338=ORIENTED_EDGE('',*,*,#1054,.F.);
#1339=ORIENTED_EDGE('',*,*,#1053,.F.);
#1340=ORIENTED_EDGE('',*,*,#1055,.T.);
#1341=ORIENTED_EDGE('',*,*,#1056,.T.);
#1342=ORIENTED_EDGE('',*,*,#1057,.F.);
#1343=ORIENTED_EDGE('',*,*,#1058,.F.);
#1344=ORIENTED_EDGE('',*,*,#1059,.F.);
#1345=ORIENTED_EDGE('',*,*,#1056,.F.);
#1346=ORIENTED_EDGE('',*,*,#1060,.F.);
#1347=ORIENTED_EDGE('',*,*,#1061,.T.);
#1348=ORIENTED_EDGE('',*,*,#1062,.F.);
#1349=ORIENTED_EDGE('',*,*,#1061,.F.);
#1350=ORIENTED_EDGE('',*,*,#1063,.T.);
#1351=ORIENTED_EDGE('',*,*,#1058,.T.);
#1352=ORIENTED_EDGE('',*,*,#1064,.F.);
#1353=ORIENTED_EDGE('',*,*,#1065,.T.);
#1354=ORIENTED_EDGE('',*,*,#1066,.F.);
#1355=ORIENTED_EDGE('',*,*,#1065,.F.);
#1356=ORIENTED_EDGE('',*,*,#1067,.F.);
#1357=ORIENTED_EDGE('',*,*,#1068,.T.);
#1358=ORIENTED_EDGE('',*,*,#1069,.F.);
#1359=ORIENTED_EDGE('',*,*,#1068,.F.);
#1360=ORIENTED_EDGE('',*,*,#1070,.F.);
#1361=ORIENTED_EDGE('',*,*,#1071,.T.);
#1362=ORIENTED_EDGE('',*,*,#898,.T.);
#1363=ORIENTED_EDGE('',*,*,#1071,.F.);
#1364=ORIENTED_EDGE('',*,*,#1072,.F.);
#1365=ORIENTED_EDGE('',*,*,#1073,.T.);
#1366=ORIENTED_EDGE('',*,*,#906,.T.);
#1367=ORIENTED_EDGE('',*,*,#1073,.F.);
#1368=ORIENTED_EDGE('',*,*,#1044,.T.);
#1369=ORIENTED_EDGE('',*,*,#1074,.T.);
#1370=ORIENTED_EDGE('',*,*,#1057,.T.);
#1371=ORIENTED_EDGE('',*,*,#1060,.T.);
#1372=ORIENTED_EDGE('',*,*,#1075,.T.);
#1373=ORIENTED_EDGE('',*,*,#919,.T.);
#1374=ORIENTED_EDGE('',*,*,#929,.T.);
#1375=ORIENTED_EDGE('',*,*,#926,.T.);
#1376=ORIENTED_EDGE('',*,*,#923,.T.);
#1377=ORIENTED_EDGE('',*,*,#979,.T.);
#1378=ORIENTED_EDGE('',*,*,#989,.T.);
#1379=ORIENTED_EDGE('',*,*,#986,.T.);
#1380=ORIENTED_EDGE('',*,*,#983,.T.);
#1381=ORIENTED_EDGE('',*,*,#1064,.T.);
#1382=ORIENTED_EDGE('',*,*,#1052,.T.);
#1383=ORIENTED_EDGE('',*,*,#1022,.T.);
#1384=ORIENTED_EDGE('',*,*,#1010,.T.);
#1385=ORIENTED_EDGE('',*,*,#1017,.T.);
#1386=ORIENTED_EDGE('',*,*,#1076,.T.);
#1387=ORIENTED_EDGE('',*,*,#1042,.T.);
#1388=ORIENTED_EDGE('',*,*,#1045,.T.);
#1389=ORIENTED_EDGE('',*,*,#1077,.T.);
#1390=ORIENTED_EDGE('',*,*,#931,.T.);
#1391=ORIENTED_EDGE('',*,*,#941,.T.);
#1392=ORIENTED_EDGE('',*,*,#938,.T.);
#1393=ORIENTED_EDGE('',*,*,#935,.T.);
#1394=ORIENTED_EDGE('',*,*,#955,.T.);
#1395=ORIENTED_EDGE('',*,*,#965,.T.);
#1396=ORIENTED_EDGE('',*,*,#962,.T.);
#1397=ORIENTED_EDGE('',*,*,#959,.T.);
#1398=ORIENTED_EDGE('',*,*,#1049,.T.);
#1399=ORIENTED_EDGE('',*,*,#1037,.T.);
#1400=ORIENTED_EDGE('',*,*,#1028,.T.);
#1401=ORIENTED_EDGE('',*,*,#1025,.T.);
#1402=ORIENTED_EDGE('',*,*,#1078,.F.);
#1403=ORIENTED_EDGE('',*,*,#1079,.T.);
#1404=ORIENTED_EDGE('',*,*,#1080,.F.);
#1405=ORIENTED_EDGE('',*,*,#1081,.F.);
#1406=ORIENTED_EDGE('',*,*,#1082,.F.);
#1407=ORIENTED_EDGE('',*,*,#1063,.F.);
#1408=ORIENTED_EDGE('',*,*,#1074,.F.);
#1409=ORIENTED_EDGE('',*,*,#1048,.F.);
#1410=ORIENTED_EDGE('',*,*,#1076,.F.);
#1411=ORIENTED_EDGE('',*,*,#1021,.F.);
#1412=ORIENTED_EDGE('',*,*,#1083,.F.);
#1413=ORIENTED_EDGE('',*,*,#1081,.T.);
#1414=ORIENTED_EDGE('',*,*,#1084,.F.);
#1415=ORIENTED_EDGE('',*,*,#1085,.F.);
#1416=ORIENTED_EDGE('',*,*,#1086,.F.);
#1417=ORIENTED_EDGE('',*,*,#1085,.T.);
#1418=ORIENTED_EDGE('',*,*,#1087,.F.);
#1419=ORIENTED_EDGE('',*,*,#1088,.F.);
#1420=ORIENTED_EDGE('',*,*,#1089,.F.);
#1421=ORIENTED_EDGE('',*,*,#1088,.T.);
#1422=ORIENTED_EDGE('',*,*,#1090,.F.);
#1423=ORIENTED_EDGE('',*,*,#1079,.F.);
#1424=ORIENTED_EDGE('',*,*,#1090,.T.);
#1425=ORIENTED_EDGE('',*,*,#1087,.T.);
#1426=ORIENTED_EDGE('',*,*,#1084,.T.);
#1427=ORIENTED_EDGE('',*,*,#1080,.T.);
#1428=ORIENTED_EDGE('',*,*,#1091,.F.);
#1429=ORIENTED_EDGE('',*,*,#1092,.T.);
#1430=ORIENTED_EDGE('',*,*,#1093,.F.);
#1431=ORIENTED_EDGE('',*,*,#1094,.F.);
#1432=ORIENTED_EDGE('',*,*,#1095,.F.);
#1433=ORIENTED_EDGE('',*,*,#1094,.T.);
#1434=ORIENTED_EDGE('',*,*,#1096,.F.);
#1435=ORIENTED_EDGE('',*,*,#1097,.F.);
#1436=ORIENTED_EDGE('',*,*,#1098,.F.);
#1437=ORIENTED_EDGE('',*,*,#1097,.T.);
#1438=ORIENTED_EDGE('',*,*,#1099,.F.);
#1439=ORIENTED_EDGE('',*,*,#1100,.F.);
#1440=ORIENTED_EDGE('',*,*,#1101,.F.);
#1441=ORIENTED_EDGE('',*,*,#1013,.F.);
#1442=ORIENTED_EDGE('',*,*,#1077,.F.);
#1443=ORIENTED_EDGE('',*,*,#1040,.F.);
#1444=ORIENTED_EDGE('',*,*,#1075,.F.);
#1445=ORIENTED_EDGE('',*,*,#1055,.F.);
#1446=ORIENTED_EDGE('',*,*,#1102,.F.);
#1447=ORIENTED_EDGE('',*,*,#1100,.T.);
#1448=ORIENTED_EDGE('',*,*,#1103,.F.);
#1449=ORIENTED_EDGE('',*,*,#1092,.F.);
#1450=ORIENTED_EDGE('',*,*,#1103,.T.);
#1451=ORIENTED_EDGE('',*,*,#1099,.T.);
#1452=ORIENTED_EDGE('',*,*,#1096,.T.);
#1453=ORIENTED_EDGE('',*,*,#1093,.T.);
#1454=ORIENTED_EDGE('',*,*,#1104,.T.);
#1455=ORIENTED_EDGE('',*,*,#1105,.T.);
#1456=ORIENTED_EDGE('',*,*,#1106,.F.);
#1457=ORIENTED_EDGE('',*,*,#1107,.F.);
#1458=ORIENTED_EDGE('',*,*,#1108,.T.);
#1459=ORIENTED_EDGE('',*,*,#1107,.T.);
#1460=ORIENTED_EDGE('',*,*,#1109,.F.);
#1461=ORIENTED_EDGE('',*,*,#1110,.F.);
#1462=ORIENTED_EDGE('',*,*,#1111,.T.);
#1463=ORIENTED_EDGE('',*,*,#1110,.T.);
#1464=ORIENTED_EDGE('',*,*,#1112,.F.);
#1465=ORIENTED_EDGE('',*,*,#1113,.F.);
#1466=ORIENTED_EDGE('',*,*,#1114,.T.);
#1467=ORIENTED_EDGE('',*,*,#1113,.T.);
#1468=ORIENTED_EDGE('',*,*,#1115,.F.);
#1469=ORIENTED_EDGE('',*,*,#1105,.F.);
#1470=ORIENTED_EDGE('',*,*,#1115,.T.);
#1471=ORIENTED_EDGE('',*,*,#1112,.T.);
#1472=ORIENTED_EDGE('',*,*,#1109,.T.);
#1473=ORIENTED_EDGE('',*,*,#1106,.T.);
#1474=ORIENTED_EDGE('',*,*,#909,.T.);
#1475=ORIENTED_EDGE('',*,*,#913,.T.);
#1476=ORIENTED_EDGE('',*,*,#916,.T.);
#1477=ORIENTED_EDGE('',*,*,#918,.T.);
#1478=ORIENTED_EDGE('',*,*,#921,.T.);
#1479=ORIENTED_EDGE('',*,*,#925,.T.);
#1480=ORIENTED_EDGE('',*,*,#928,.T.);
#1481=ORIENTED_EDGE('',*,*,#930,.T.);
#1482=ORIENTED_EDGE('',*,*,#933,.T.);
#1483=ORIENTED_EDGE('',*,*,#937,.T.);
#1484=ORIENTED_EDGE('',*,*,#940,.T.);
#1485=ORIENTED_EDGE('',*,*,#942,.T.);
#1486=ORIENTED_EDGE('',*,*,#945,.T.);
#1487=ORIENTED_EDGE('',*,*,#949,.T.);
#1488=ORIENTED_EDGE('',*,*,#952,.T.);
#1489=ORIENTED_EDGE('',*,*,#954,.T.);
#1490=ORIENTED_EDGE('',*,*,#957,.T.);
#1491=ORIENTED_EDGE('',*,*,#961,.T.);
#1492=ORIENTED_EDGE('',*,*,#964,.T.);
#1493=ORIENTED_EDGE('',*,*,#966,.T.);
#1494=ORIENTED_EDGE('',*,*,#969,.T.);
#1495=ORIENTED_EDGE('',*,*,#973,.T.);
#1496=ORIENTED_EDGE('',*,*,#976,.T.);
#1497=ORIENTED_EDGE('',*,*,#978,.T.);
#1498=ORIENTED_EDGE('',*,*,#981,.T.);
#1499=ORIENTED_EDGE('',*,*,#985,.T.);
#1500=ORIENTED_EDGE('',*,*,#988,.T.);
#1501=ORIENTED_EDGE('',*,*,#990,.T.);
#1502=ORIENTED_EDGE('',*,*,#993,.T.);
#1503=ORIENTED_EDGE('',*,*,#997,.T.);
#1504=ORIENTED_EDGE('',*,*,#1000,.T.);
#1505=ORIENTED_EDGE('',*,*,#1002,.T.);
#1506=ORIENTED_EDGE('',*,*,#1069,.T.);
#1507=ORIENTED_EDGE('',*,*,#1066,.T.);
#1508=ORIENTED_EDGE('',*,*,#1062,.T.);
#1509=ORIENTED_EDGE('',*,*,#1054,.T.);
#1510=ORIENTED_EDGE('',*,*,#1051,.T.);
#1511=ORIENTED_EDGE('',*,*,#1047,.T.);
#1512=ORIENTED_EDGE('',*,*,#1039,.T.);
#1513=ORIENTED_EDGE('',*,*,#1036,.T.);
#1514=ORIENTED_EDGE('',*,*,#1033,.T.);
#1515=ORIENTED_EDGE('',*,*,#1030,.T.);
#1516=ORIENTED_EDGE('',*,*,#1027,.T.);
#1517=ORIENTED_EDGE('',*,*,#1024,.T.);
#1518=ORIENTED_EDGE('',*,*,#1020,.T.);
#1519=ORIENTED_EDGE('',*,*,#1012,.T.);
#1520=ORIENTED_EDGE('',*,*,#1009,.T.);
#1521=ORIENTED_EDGE('',*,*,#903,.T.);
#1522=ORIENTED_EDGE('',*,*,#899,.T.);
#1523=ORIENTED_EDGE('',*,*,#895,.T.);
#1524=ORIENTED_EDGE('',*,*,#891,.T.);
#1525=ORIENTED_EDGE('',*,*,#1114,.F.);
#1526=ORIENTED_EDGE('',*,*,#1104,.F.);
#1527=ORIENTED_EDGE('',*,*,#1108,.F.);
#1528=ORIENTED_EDGE('',*,*,#1111,.F.);
#1529=ORIENTED_EDGE('',*,*,#1003,.T.);
#1530=ORIENTED_EDGE('',*,*,#1005,.T.);
#1531=ORIENTED_EDGE('',*,*,#1007,.T.);
#1532=ORIENTED_EDGE('',*,*,#1031,.T.);
#1533=ORIENTED_EDGE('',*,*,#1034,.T.);
#1534=ORIENTED_EDGE('',*,*,#1067,.T.);
#1535=ORIENTED_EDGE('',*,*,#1070,.T.);
#1536=ORIENTED_EDGE('',*,*,#1072,.T.);
#1537=ORIENTED_EDGE('',*,*,#1015,.T.);
#1538=ORIENTED_EDGE('',*,*,#1018,.T.);
#1539=ORIENTED_EDGE('',*,*,#1101,.T.);
#1540=ORIENTED_EDGE('',*,*,#1102,.T.);
#1541=ORIENTED_EDGE('',*,*,#1091,.T.);
#1542=ORIENTED_EDGE('',*,*,#1095,.T.);
#1543=ORIENTED_EDGE('',*,*,#1098,.T.);
#1544=ORIENTED_EDGE('',*,*,#1059,.T.);
#1545=ORIENTED_EDGE('',*,*,#1082,.T.);
#1546=ORIENTED_EDGE('',*,*,#1083,.T.);
#1547=ORIENTED_EDGE('',*,*,#1086,.T.);
#1548=ORIENTED_EDGE('',*,*,#1089,.T.);
#1549=ORIENTED_EDGE('',*,*,#1078,.T.);
#1550=ORIENTED_EDGE('',*,*,#991,.T.);
#1551=ORIENTED_EDGE('',*,*,#1001,.T.);
#1552=ORIENTED_EDGE('',*,*,#998,.T.);
#1553=ORIENTED_EDGE('',*,*,#995,.T.);
#1554=ORIENTED_EDGE('',*,*,#967,.T.);
#1555=ORIENTED_EDGE('',*,*,#977,.T.);
#1556=ORIENTED_EDGE('',*,*,#974,.T.);
#1557=ORIENTED_EDGE('',*,*,#971,.T.);
#1558=ORIENTED_EDGE('',*,*,#943,.T.);
#1559=ORIENTED_EDGE('',*,*,#953,.T.);
#1560=ORIENTED_EDGE('',*,*,#950,.T.);
#1561=ORIENTED_EDGE('',*,*,#947,.T.);
#1562=ORIENTED_EDGE('',*,*,#907,.T.);
#1563=ORIENTED_EDGE('',*,*,#917,.T.);
#1564=ORIENTED_EDGE('',*,*,#914,.T.);
#1565=ORIENTED_EDGE('',*,*,#911,.T.);
#1566=CYLINDRICAL_SURFACE('',#1686,3.24999999999999);
#1567=CYLINDRICAL_SURFACE('',#1691,3.24999999999999);
#1568=CYLINDRICAL_SURFACE('',#1696,3.24999999999999);
#1569=CYLINDRICAL_SURFACE('',#1701,3.24999999999999);
#1570=CYLINDRICAL_SURFACE('',#1738,1.7);
#1571=CYLINDRICAL_SURFACE('',#1740,1.7);
#1572=CYLINDRICAL_SURFACE('',#1742,1.8);
#1573=CYLINDRICAL_SURFACE('',#1745,1.8);
#1574=CYLINDRICAL_SURFACE('',#1750,19.5);
#1575=CYLINDRICAL_SURFACE('',#1757,1.8);
#1576=CYLINDRICAL_SURFACE('',#1760,1.8);
#1577=CYLINDRICAL_SURFACE('',#1763,1.8);
#1578=CYLINDRICAL_SURFACE('',#1766,1.8);
#1579=CYLINDRICAL_SURFACE('',#1769,1.8);
#1580=CYLINDRICAL_SURFACE('',#1772,1.8);
#1581=CYLINDRICAL_SURFACE('',#1777,19.5);
#1582=CYLINDRICAL_SURFACE('',#1784,1.8);
#1583=CYLINDRICAL_SURFACE('',#1787,1.8);
#1584=CYLINDRICAL_SURFACE('',#1792,19.5);
#1585=CYLINDRICAL_SURFACE('',#1799,1.8);
#1586=CYLINDRICAL_SURFACE('',#1802,1.8);
#1587=CYLINDRICAL_SURFACE('',#1805,1.7);
#1588=CYLINDRICAL_SURFACE('',#1807,1.7);
#1589=ADVANCED_FACE('',(#131),#1566,.F.);
#1590=ADVANCED_FACE('',(#132,#15),#71,.T.);
#1591=ADVANCED_FACE('',(#133),#1567,.F.);
#1592=ADVANCED_FACE('',(#134,#16),#72,.T.);
#1593=ADVANCED_FACE('',(#135),#1568,.F.);
#1594=ADVANCED_FACE('',(#136,#17),#73,.T.);
#1595=ADVANCED_FACE('',(#137),#1569,.F.);
#1596=ADVANCED_FACE('',(#138,#18),#74,.T.);
#1597=ADVANCED_FACE('',(#139),#75,.F.);
#1598=ADVANCED_FACE('',(#140),#76,.F.);
#1599=ADVANCED_FACE('',(#141),#77,.F.);
#1600=ADVANCED_FACE('',(#142),#78,.F.);
#1601=ADVANCED_FACE('',(#143),#79,.F.);
#1602=ADVANCED_FACE('',(#144),#80,.F.);
#1603=ADVANCED_FACE('',(#145),#81,.F.);
#1604=ADVANCED_FACE('',(#146),#82,.F.);
#1605=ADVANCED_FACE('',(#147),#83,.F.);
#1606=ADVANCED_FACE('',(#148),#84,.F.);
#1607=ADVANCED_FACE('',(#149),#85,.F.);
#1608=ADVANCED_FACE('',(#150),#86,.F.);
#1609=ADVANCED_FACE('',(#151),#87,.F.);
#1610=ADVANCED_FACE('',(#152),#88,.F.);
#1611=ADVANCED_FACE('',(#153),#89,.F.);
#1612=ADVANCED_FACE('',(#154),#90,.F.);
#1613=ADVANCED_FACE('',(#155),#91,.F.);
#1614=ADVANCED_FACE('',(#156),#92,.F.);
#1615=ADVANCED_FACE('',(#157),#93,.F.);
#1616=ADVANCED_FACE('',(#158),#94,.F.);
#1617=ADVANCED_FACE('',(#159),#95,.F.);
#1618=ADVANCED_FACE('',(#160),#96,.F.);
#1619=ADVANCED_FACE('',(#161),#97,.F.);
#1620=ADVANCED_FACE('',(#162),#98,.F.);
#1621=ADVANCED_FACE('',(#163),#99,.F.);
#1622=ADVANCED_FACE('',(#164),#100,.F.);
#1623=ADVANCED_FACE('',(#165),#101,.F.);
#1624=ADVANCED_FACE('',(#166),#102,.F.);
#1625=ADVANCED_FACE('',(#167),#103,.F.);
#1626=ADVANCED_FACE('',(#168),#104,.F.);
#1627=ADVANCED_FACE('',(#169),#105,.F.);
#1628=ADVANCED_FACE('',(#170),#106,.F.);
#1629=ADVANCED_FACE('',(#171),#1570,.F.);
#1630=ADVANCED_FACE('',(#172),#1571,.F.);
#1631=ADVANCED_FACE('',(#173),#1572,.F.);
#1632=ADVANCED_FACE('',(#174),#1573,.F.);
#1633=ADVANCED_FACE('',(#175),#107,.T.);
#1634=ADVANCED_FACE('',(#176),#1574,.F.);
#1635=ADVANCED_FACE('',(#177),#108,.T.);
#1636=ADVANCED_FACE('',(#178),#1575,.F.);
#1637=ADVANCED_FACE('',(#179),#1576,.F.);
#1638=ADVANCED_FACE('',(#180),#1577,.F.);
#1639=ADVANCED_FACE('',(#181),#1578,.F.);
#1640=ADVANCED_FACE('',(#182),#1579,.F.);
#1641=ADVANCED_FACE('',(#183),#1580,.F.);
#1642=ADVANCED_FACE('',(#184),#109,.T.);
#1643=ADVANCED_FACE('',(#185),#1581,.F.);
#1644=ADVANCED_FACE('',(#186),#110,.T.);
#1645=ADVANCED_FACE('',(#187),#1582,.F.);
#1646=ADVANCED_FACE('',(#188),#1583,.F.);
#1647=ADVANCED_FACE('',(#189),#111,.T.);
#1648=ADVANCED_FACE('',(#190),#1584,.F.);
#1649=ADVANCED_FACE('',(#191),#112,.T.);
#1650=ADVANCED_FACE('',(#192),#1585,.F.);
#1651=ADVANCED_FACE('',(#193),#1586,.F.);
#1652=ADVANCED_FACE('',(#194),#1587,.F.);
#1653=ADVANCED_FACE('',(#195),#1588,.F.);
#1654=ADVANCED_FACE('',(#196,#19,#20,#21,#22,#23,#24),#113,.F.);
#1655=ADVANCED_FACE('',(#197,#25,#26,#27,#28,#29,#30),#114,.F.);
#1656=ADVANCED_FACE('',(#198),#115,.T.);
#1657=ADVANCED_FACE('',(#199),#116,.T.);
#1658=ADVANCED_FACE('',(#200),#117,.T.);
#1659=ADVANCED_FACE('',(#201),#118,.T.);
#1660=ADVANCED_FACE('',(#202),#119,.T.);
#1661=ADVANCED_FACE('',(#203),#120,.T.);
#1662=ADVANCED_FACE('',(#204),#121,.T.);
#1663=ADVANCED_FACE('',(#205),#122,.T.);
#1664=ADVANCED_FACE('',(#206),#123,.T.);
#1665=ADVANCED_FACE('',(#207),#124,.T.);
#1666=ADVANCED_FACE('',(#208),#125,.T.);
#1667=ADVANCED_FACE('',(#209),#126,.T.);
#1668=ADVANCED_FACE('',(#210),#127,.T.);
#1669=ADVANCED_FACE('',(#211),#128,.T.);
#1670=ADVANCED_FACE('',(#212,#31,#32,#33,#34,#35,#36,#37,#38,#39,#40,#41,
#42,#43,#44,#45,#46,#47,#48,#49,#50,#51,#52,#53,#54,#55,#56,#57),#129,.T.);
#1671=ADVANCED_FACE('',(#213,#58,#59,#60,#61,#62,#63,#64,#65,#66,#67,#68,
#69,#70),#130,.F.);
#1672=CLOSED_SHELL('',(#1589,#1590,#1591,#1592,#1593,#1594,#1595,#1596,
#1597,#1598,#1599,#1600,#1601,#1602,#1603,#1604,#1605,#1606,#1607,#1608,
#1609,#1610,#1611,#1612,#1613,#1614,#1615,#1616,#1617,#1618,#1619,#1620,
#1621,#1622,#1623,#1624,#1625,#1626,#1627,#1628,#1629,#1630,#1631,#1632,
#1633,#1634,#1635,#1636,#1637,#1638,#1639,#1640,#1641,#1642,#1643,#1644,
#1645,#1646,#1647,#1648,#1649,#1650,#1651,#1652,#1653,#1654,#1655,#1656,
#1657,#1658,#1659,#1660,#1661,#1662,#1663,#1664,#1665,#1666,#1667,#1668,
#1669,#1670,#1671));
#1673=DERIVED_UNIT_ELEMENT(#1675,1.);
#1674=DERIVED_UNIT_ELEMENT(#2738,-3.);
#1675=(
MASS_UNIT()
NAMED_UNIT(*)
SI_UNIT(.KILO.,.GRAM.)
);
#1676=DERIVED_UNIT((#1673,#1674));
#1677=MEASURE_REPRESENTATION_ITEM('density measure',
POSITIVE_RATIO_MEASURE(7850.),#1676);
#1678=PROPERTY_DEFINITION_REPRESENTATION(#1683,#1680);
#1679=PROPERTY_DEFINITION_REPRESENTATION(#1684,#1681);
#1680=REPRESENTATION('material name',(#1682),#2735);
#1681=REPRESENTATION('density',(#1677),#2735);
#1682=DESCRIPTIVE_REPRESENTATION_ITEM('Steel','Steel');
#1683=PROPERTY_DEFINITION('material property','material name',#2745);
#1684=PROPERTY_DEFINITION('material property','density of part',#2745);
#1685=AXIS2_PLACEMENT_3D('',#2278,#1827,#1828);
#1686=AXIS2_PLACEMENT_3D('',#2279,#1829,#1830);
#1687=AXIS2_PLACEMENT_3D('',#2281,#1831,#1832);
#1688=AXIS2_PLACEMENT_3D('',#2284,#1834,#1835);
#1689=AXIS2_PLACEMENT_3D('',#2285,#1836,#1837);
#1690=AXIS2_PLACEMENT_3D('',#2287,#1838,#1839);
#1691=AXIS2_PLACEMENT_3D('',#2288,#1840,#1841);
#1692=AXIS2_PLACEMENT_3D('',#2290,#1842,#1843);
#1693=AXIS2_PLACEMENT_3D('',#2293,#1845,#1846);
#1694=AXIS2_PLACEMENT_3D('',#2294,#1847,#1848);
#1695=AXIS2_PLACEMENT_3D('',#2296,#1849,#1850);
#1696=AXIS2_PLACEMENT_3D('',#2297,#1851,#1852);
#1697=AXIS2_PLACEMENT_3D('',#2299,#1853,#1854);
#1698=AXIS2_PLACEMENT_3D('',#2302,#1856,#1857);
#1699=AXIS2_PLACEMENT_3D('',#2303,#1858,#1859);
#1700=AXIS2_PLACEMENT_3D('',#2305,#1860,#1861);
#1701=AXIS2_PLACEMENT_3D('',#2306,#1862,#1863);
#1702=AXIS2_PLACEMENT_3D('',#2308,#1864,#1865);
#1703=AXIS2_PLACEMENT_3D('',#2311,#1867,#1868);
#1704=AXIS2_PLACEMENT_3D('',#2312,#1869,#1870);
#1705=AXIS2_PLACEMENT_3D('',#2314,#1871,#1872);
#1706=AXIS2_PLACEMENT_3D('',#2315,#1873,#1874);
#1707=AXIS2_PLACEMENT_3D('',#2324,#1879,#1880);
#1708=AXIS2_PLACEMENT_3D('',#2330,#1884,#1885);
#1709=AXIS2_PLACEMENT_3D('',#2336,#1889,#1890);
#1710=AXIS2_PLACEMENT_3D('',#2339,#1893,#1894);
#1711=AXIS2_PLACEMENT_3D('',#2348,#1899,#1900);
#1712=AXIS2_PLACEMENT_3D('',#2354,#1904,#1905);
#1713=AXIS2_PLACEMENT_3D('',#2360,#1909,#1910);
#1714=AXIS2_PLACEMENT_3D('',#2363,#1913,#1914);
#1715=AXIS2_PLACEMENT_3D('',#2372,#1919,#1920);
#1716=AXIS2_PLACEMENT_3D('',#2378,#1924,#1925);
#1717=AXIS2_PLACEMENT_3D('',#2384,#1929,#1930);
#1718=AXIS2_PLACEMENT_3D('',#2387,#1933,#1934);
#1719=AXIS2_PLACEMENT_3D('',#2396,#1939,#1940);
#1720=AXIS2_PLACEMENT_3D('',#2402,#1944,#1945);
#1721=AXIS2_PLACEMENT_3D('',#2408,#1949,#1950);
#1722=AXIS2_PLACEMENT_3D('',#2411,#1953,#1954);
#1723=AXIS2_PLACEMENT_3D('',#2420,#1959,#1960);
#1724=AXIS2_PLACEMENT_3D('',#2426,#1964,#1965);
#1725=AXIS2_PLACEMENT_3D('',#2432,#1969,#1970);
#1726=AXIS2_PLACEMENT_3D('',#2435,#1973,#1974);
#1727=AXIS2_PLACEMENT_3D('',#2444,#1979,#1980);
#1728=AXIS2_PLACEMENT_3D('',#2450,#1984,#1985);
#1729=AXIS2_PLACEMENT_3D('',#2456,#1989,#1990);
#1730=AXIS2_PLACEMENT_3D('',#2459,#1993,#1994);
#1731=AXIS2_PLACEMENT_3D('',#2468,#1999,#2000);
#1732=AXIS2_PLACEMENT_3D('',#2474,#2004,#2005);
#1733=AXIS2_PLACEMENT_3D('',#2480,#2009,#2010);
#1734=AXIS2_PLACEMENT_3D('',#2483,#2013,#2014);
#1735=AXIS2_PLACEMENT_3D('',#2492,#2019,#2020);
#1736=AXIS2_PLACEMENT_3D('',#2498,#2024,#2025);
#1737=AXIS2_PLACEMENT_3D('',#2504,#2029,#2030);
#1738=AXIS2_PLACEMENT_3D('',#2507,#2033,#2034);
#1739=AXIS2_PLACEMENT_3D('',#2509,#2035,#2036);
#1740=AXIS2_PLACEMENT_3D('',#2511,#2038,#2039);
#1741=AXIS2_PLACEMENT_3D('',#2513,#2040,#2041);
#1742=AXIS2_PLACEMENT_3D('',#2515,#2043,#2044);
#1743=AXIS2_PLACEMENT_3D('',#2517,#2045,#2046);
#1744=AXIS2_PLACEMENT_3D('',#2520,#2048,#2049);
#1745=AXIS2_PLACEMENT_3D('',#2521,#2050,#2051);
#1746=AXIS2_PLACEMENT_3D('',#2523,#2052,#2053);
#1747=AXIS2_PLACEMENT_3D('',#2526,#2055,#2056);
#1748=AXIS2_PLACEMENT_3D('',#2527,#2057,#2058);
#1749=AXIS2_PLACEMENT_3D('',#2531,#2060,#2061);
#1750=AXIS2_PLACEMENT_3D('',#2532,#2062,#2063);
#1751=AXIS2_PLACEMENT_3D('',#2535,#2064,#2065);
#1752=AXIS2_PLACEMENT_3D('',#2537,#2066,#2067);
#1753=AXIS2_PLACEMENT_3D('',#2538,#2068,#2069);
#1754=AXIS2_PLACEMENT_3D('',#2539,#2070,#2071);
#1755=AXIS2_PLACEMENT_3D('',#2542,#2073,#2074);
#1756=AXIS2_PLACEMENT_3D('',#2543,#2075,#2076);
#1757=AXIS2_PLACEMENT_3D('',#2545,#2078,#2079);
#1758=AXIS2_PLACEMENT_3D('',#2547,#2080,#2081);
#1759=AXIS2_PLACEMENT_3D('',#2550,#2083,#2084);
#1760=AXIS2_PLACEMENT_3D('',#2551,#2085,#2086);
#1761=AXIS2_PLACEMENT_3D('',#2553,#2087,#2088);
#1762=AXIS2_PLACEMENT_3D('',#2556,#2090,#2091);
#1763=AXIS2_PLACEMENT_3D('',#2557,#2092,#2093);
#1764=AXIS2_PLACEMENT_3D('',#2559,#2094,#2095);
#1765=AXIS2_PLACEMENT_3D('',#2562,#2097,#2098);
#1766=AXIS2_PLACEMENT_3D('',#2563,#2099,#2100);
#1767=AXIS2_PLACEMENT_3D('',#2565,#2101,#2102);
#1768=AXIS2_PLACEMENT_3D('',#2568,#2104,#2105);
#1769=AXIS2_PLACEMENT_3D('',#2569,#2106,#2107);
#1770=AXIS2_PLACEMENT_3D('',#2571,#2108,#2109);
#1771=AXIS2_PLACEMENT_3D('',#2574,#2111,#2112);
#1772=AXIS2_PLACEMENT_3D('',#2575,#2113,#2114);
#1773=AXIS2_PLACEMENT_3D('',#2577,#2115,#2116);
#1774=AXIS2_PLACEMENT_3D('',#2580,#2118,#2119);
#1775=AXIS2_PLACEMENT_3D('',#2581,#2120,#2121);
#1776=AXIS2_PLACEMENT_3D('',#2585,#2123,#2124);
#1777=AXIS2_PLACEMENT_3D('',#2586,#2125,#2126);
#1778=AXIS2_PLACEMENT_3D('',#2589,#2127,#2128);
#1779=AXIS2_PLACEMENT_3D('',#2591,#2129,#2130);
#1780=AXIS2_PLACEMENT_3D('',#2592,#2131,#2132);
#1781=AXIS2_PLACEMENT_3D('',#2593,#2133,#2134);
#1782=AXIS2_PLACEMENT_3D('',#2596,#2136,#2137);
#1783=AXIS2_PLACEMENT_3D('',#2597,#2138,#2139);
#1784=AXIS2_PLACEMENT_3D('',#2599,#2141,#2142);
#1785=AXIS2_PLACEMENT_3D('',#2601,#2143,#2144);
#1786=AXIS2_PLACEMENT_3D('',#2604,#2146,#2147);
#1787=AXIS2_PLACEMENT_3D('',#2605,#2148,#2149);
#1788=AXIS2_PLACEMENT_3D('',#2607,#2150,#2151);
#1789=AXIS2_PLACEMENT_3D('',#2610,#2153,#2154);
#1790=AXIS2_PLACEMENT_3D('',#2611,#2155,#2156);
#1791=AXIS2_PLACEMENT_3D('',#2615,#2158,#2159);
#1792=AXIS2_PLACEMENT_3D('',#2616,#2160,#2161);
#1793=AXIS2_PLACEMENT_3D('',#2619,#2162,#2163);
#1794=AXIS2_PLACEMENT_3D('',#2621,#2164,#2165);
#1795=AXIS2_PLACEMENT_3D('',#2622,#2166,#2167);
#1796=AXIS2_PLACEMENT_3D('',#2623,#2168,#2169);
#1797=AXIS2_PLACEMENT_3D('',#2626,#2171,#2172);
#1798=AXIS2_PLACEMENT_3D('',#2627,#2173,#2174);
#1799=AXIS2_PLACEMENT_3D('',#2629,#2176,#2177);
#1800=AXIS2_PLACEMENT_3D('',#2631,#2178,#2179);
#1801=AXIS2_PLACEMENT_3D('',#2634,#2181,#2182);
#1802=AXIS2_PLACEMENT_3D('',#2635,#2183,#2184);
#1803=AXIS2_PLACEMENT_3D('',#2637,#2185,#2186);
#1804=AXIS2_PLACEMENT_3D('',#2640,#2188,#2189);
#1805=AXIS2_PLACEMENT_3D('',#2641,#2190,#2191);
#1806=AXIS2_PLACEMENT_3D('',#2643,#2192,#2193);
#1807=AXIS2_PLACEMENT_3D('',#2645,#2195,#2196);
#1808=AXIS2_PLACEMENT_3D('',#2647,#2197,#2198);
#1809=AXIS2_PLACEMENT_3D('',#2649,#2200,#2201);
#1810=AXIS2_PLACEMENT_3D('',#2652,#2204,#2205);
#1811=AXIS2_PLACEMENT_3D('',#2655,#2208,#2209);
#1812=AXIS2_PLACEMENT_3D('',#2665,#2215,#2216);
#1813=AXIS2_PLACEMENT_3D('',#2671,#2220,#2221);
#1814=AXIS2_PLACEMENT_3D('',#2677,#2225,#2226);
#1815=AXIS2_PLACEMENT_3D('',#2680,#2229,#2230);
#1816=AXIS2_PLACEMENT_3D('',#2681,#2231,#2232);
#1817=AXIS2_PLACEMENT_3D('',#2690,#2237,#2238);
#1818=AXIS2_PLACEMENT_3D('',#2696,#2242,#2243);
#1819=AXIS2_PLACEMENT_3D('',#2703,#2248,#2249);
#1820=AXIS2_PLACEMENT_3D('',#2706,#2252,#2253);
#1821=AXIS2_PLACEMENT_3D('',#2707,#2254,#2255);
#1822=AXIS2_PLACEMENT_3D('',#2716,#2260,#2261);
#1823=AXIS2_PLACEMENT_3D('',#2722,#2265,#2266);
#1824=AXIS2_PLACEMENT_3D('',#2728,#2270,#2271);
#1825=AXIS2_PLACEMENT_3D('',#2731,#2274,#2275);
#1826=AXIS2_PLACEMENT_3D('',#2732,#2276,#2277);
#1827=DIRECTION('axis',(0.,0.,1.));
#1828=DIRECTION('refdir',(1.,0.,0.));
#1829=DIRECTION('center_axis',(0.,0.,-1.));
#1830=DIRECTION('ref_axis',(1.,0.,0.));
#1831=DIRECTION('center_axis',(0.,0.,-1.));
#1832=DIRECTION('ref_axis',(1.,0.,0.));
#1833=DIRECTION('',(0.,0.,-1.));
#1834=DIRECTION('center_axis',(0.,0.,-1.));
#1835=DIRECTION('ref_axis',(1.,0.,0.));
#1836=DIRECTION('center_axis',(0.,0.,1.));
#1837=DIRECTION('ref_axis',(1.,0.,0.));
#1838=DIRECTION('center_axis',(0.,0.,1.));
#1839=DIRECTION('ref_axis',(1.,0.,0.));
#1840=DIRECTION('center_axis',(0.,0.,-1.));
#1841=DIRECTION('ref_axis',(1.,0.,0.));
#1842=DIRECTION('center_axis',(0.,0.,-1.));
#1843=DIRECTION('ref_axis',(1.,0.,0.));
#1844=DIRECTION('',(0.,0.,-1.));
#1845=DIRECTION('center_axis',(0.,0.,-1.));
#1846=DIRECTION('ref_axis',(1.,0.,0.));
#1847=DIRECTION('center_axis',(0.,0.,1.));
#1848=DIRECTION('ref_axis',(1.,0.,0.));
#1849=DIRECTION('center_axis',(0.,0.,1.));
#1850=DIRECTION('ref_axis',(1.,0.,0.));
#1851=DIRECTION('center_axis',(0.,0.,-1.));
#1852=DIRECTION('ref_axis',(1.,0.,0.));
#1853=DIRECTION('center_axis',(0.,0.,-1.));
#1854=DIRECTION('ref_axis',(1.,0.,0.));
#1855=DIRECTION('',(0.,0.,-1.));
#1856=DIRECTION('center_axis',(0.,0.,-1.));
#1857=DIRECTION('ref_axis',(1.,0.,0.));
#1858=DIRECTION('center_axis',(0.,0.,1.));
#1859=DIRECTION('ref_axis',(1.,0.,0.));
#1860=DIRECTION('center_axis',(0.,0.,1.));
#1861=DIRECTION('ref_axis',(1.,0.,0.));
#1862=DIRECTION('center_axis',(0.,0.,-1.));
#1863=DIRECTION('ref_axis',(1.,0.,0.));
#1864=DIRECTION('center_axis',(0.,0.,-1.));
#1865=DIRECTION('ref_axis',(1.,0.,0.));
#1866=DIRECTION('',(0.,0.,-1.));
#1867=DIRECTION('center_axis',(0.,0.,-1.));
#1868=DIRECTION('ref_axis',(1.,0.,0.));
#1869=DIRECTION('center_axis',(0.,0.,1.));
#1870=DIRECTION('ref_axis',(1.,0.,0.));
#1871=DIRECTION('center_axis',(0.,0.,1.));
#1872=DIRECTION('ref_axis',(1.,0.,0.));
#1873=DIRECTION('center_axis',(0.,1.,0.));
#1874=DIRECTION('ref_axis',(-1.,0.,0.));
#1875=DIRECTION('',(-1.,0.,0.));
#1876=DIRECTION('',(0.,0.,1.));
#1877=DIRECTION('',(1.,0.,0.));
#1878=DIRECTION('',(0.,0.,1.));
#1879=DIRECTION('center_axis',(1.,0.,0.));
#1880=DIRECTION('ref_axis',(0.,1.,0.));
#1881=DIRECTION('',(0.,1.,0.));
#1882=DIRECTION('',(0.,0.,1.));
#1883=DIRECTION('',(0.,-1.,0.));
#1884=DIRECTION('center_axis',(0.,-1.,0.));
#1885=DIRECTION('ref_axis',(1.,0.,0.));
#1886=DIRECTION('',(1.,0.,0.));
#1887=DIRECTION('',(0.,0.,1.));
#1888=DIRECTION('',(-1.,0.,0.));
#1889=DIRECTION('center_axis',(-1.,0.,0.));
#1890=DIRECTION('ref_axis',(0.,-1.,0.));
#1891=DIRECTION('',(0.,-1.,0.));
#1892=DIRECTION('',(0.,1.,0.));
#1893=DIRECTION('center_axis',(0.,1.,0.));
#1894=DIRECTION('ref_axis',(-1.,0.,0.));
#1895=DIRECTION('',(-1.,0.,0.));
#1896=DIRECTION('',(0.,0.,1.));
#1897=DIRECTION('',(1.,0.,0.));
#1898=DIRECTION('',(0.,0.,1.));
#1899=DIRECTION('center_axis',(1.,0.,0.));
#1900=DIRECTION('ref_axis',(0.,1.,0.));
#1901=DIRECTION('',(0.,1.,0.));
#1902=DIRECTION('',(0.,0.,1.));
#1903=DIRECTION('',(0.,-1.,0.));
#1904=DIRECTION('center_axis',(0.,-1.,0.));
#1905=DIRECTION('ref_axis',(1.,0.,0.));
#1906=DIRECTION('',(1.,0.,0.));
#1907=DIRECTION('',(0.,0.,1.));
#1908=DIRECTION('',(-1.,0.,0.));
#1909=DIRECTION('center_axis',(-1.,0.,0.));
#1910=DIRECTION('ref_axis',(0.,-1.,0.));
#1911=DIRECTION('',(0.,-1.,0.));
#1912=DIRECTION('',(0.,1.,0.));
#1913=DIRECTION('center_axis',(0.,1.,0.));
#1914=DIRECTION('ref_axis',(-1.,0.,0.));
#1915=DIRECTION('',(-1.,0.,0.));
#1916=DIRECTION('',(0.,0.,1.));
#1917=DIRECTION('',(1.,0.,0.));
#1918=DIRECTION('',(0.,0.,1.));
#1919=DIRECTION('center_axis',(1.,0.,0.));
#1920=DIRECTION('ref_axis',(0.,1.,0.));
#1921=DIRECTION('',(0.,1.,0.));
#1922=DIRECTION('',(0.,0.,1.));
#1923=DIRECTION('',(0.,-1.,0.));
#1924=DIRECTION('center_axis',(0.,-1.,0.));
#1925=DIRECTION('ref_axis',(1.,0.,0.));
#1926=DIRECTION('',(1.,0.,0.));
#1927=DIRECTION('',(0.,0.,1.));
#1928=DIRECTION('',(-1.,0.,0.));
#1929=DIRECTION('center_axis',(-1.,0.,0.));
#1930=DIRECTION('ref_axis',(0.,-1.,0.));
#1931=DIRECTION('',(0.,-1.,0.));
#1932=DIRECTION('',(0.,1.,0.));
#1933=DIRECTION('center_axis',(0.,1.,0.));
#1934=DIRECTION('ref_axis',(-1.,0.,0.));
#1935=DIRECTION('',(-1.,0.,0.));
#1936=DIRECTION('',(0.,0.,1.));
#1937=DIRECTION('',(1.,0.,0.));
#1938=DIRECTION('',(0.,0.,1.));
#1939=DIRECTION('center_axis',(1.,0.,0.));
#1940=DIRECTION('ref_axis',(0.,1.,0.));
#1941=DIRECTION('',(0.,1.,0.));
#1942=DIRECTION('',(0.,0.,1.));
#1943=DIRECTION('',(0.,-1.,0.));
#1944=DIRECTION('center_axis',(0.,-1.,0.));
#1945=DIRECTION('ref_axis',(1.,0.,0.));
#1946=DIRECTION('',(1.,0.,0.));
#1947=DIRECTION('',(0.,0.,1.));
#1948=DIRECTION('',(-1.,0.,0.));
#1949=DIRECTION('center_axis',(-1.,0.,0.));
#1950=DIRECTION('ref_axis',(0.,-1.,0.));
#1951=DIRECTION('',(0.,-1.,0.));
#1952=DIRECTION('',(0.,1.,0.));
#1953=DIRECTION('center_axis',(0.,1.,0.));
#1954=DIRECTION('ref_axis',(-1.,0.,0.));
#1955=DIRECTION('',(-1.,0.,0.));
#1956=DIRECTION('',(0.,0.,1.));
#1957=DIRECTION('',(1.,0.,0.));
#1958=DIRECTION('',(0.,0.,1.));
#1959=DIRECTION('center_axis',(1.,0.,0.));
#1960=DIRECTION('ref_axis',(0.,1.,0.));
#1961=DIRECTION('',(0.,1.,0.));
#1962=DIRECTION('',(0.,0.,1.));
#1963=DIRECTION('',(0.,-1.,0.));
#1964=DIRECTION('center_axis',(0.,-1.,0.));
#1965=DIRECTION('ref_axis',(1.,0.,0.));
#1966=DIRECTION('',(1.,0.,0.));
#1967=DIRECTION('',(0.,0.,1.));
#1968=DIRECTION('',(-1.,0.,0.));
#1969=DIRECTION('center_axis',(-1.,0.,0.));
#1970=DIRECTION('ref_axis',(0.,-1.,0.));
#1971=DIRECTION('',(0.,-1.,0.));
#1972=DIRECTION('',(0.,1.,0.));
#1973=DIRECTION('center_axis',(0.,1.,0.));
#1974=DIRECTION('ref_axis',(-1.,0.,0.));
#1975=DIRECTION('',(-1.,0.,0.));
#1976=DIRECTION('',(0.,0.,1.));
#1977=DIRECTION('',(1.,0.,0.));
#1978=DIRECTION('',(0.,0.,1.));
#1979=DIRECTION('center_axis',(1.,0.,0.));
#1980=DIRECTION('ref_axis',(0.,1.,0.));
#1981=DIRECTION('',(0.,1.,0.));
#1982=DIRECTION('',(0.,0.,1.));
#1983=DIRECTION('',(0.,-1.,0.));
#1984=DIRECTION('center_axis',(0.,-1.,0.));
#1985=DIRECTION('ref_axis',(1.,0.,0.));
#1986=DIRECTION('',(1.,0.,0.));
#1987=DIRECTION('',(0.,0.,1.));
#1988=DIRECTION('',(-1.,0.,0.));
#1989=DIRECTION('center_axis',(-1.,0.,0.));
#1990=DIRECTION('ref_axis',(0.,-1.,0.));
#1991=DIRECTION('',(0.,-1.,0.));
#1992=DIRECTION('',(0.,1.,0.));
#1993=DIRECTION('center_axis',(0.,1.,0.));
#1994=DIRECTION('ref_axis',(-1.,0.,0.));
#1995=DIRECTION('',(-1.,0.,0.));
#1996=DIRECTION('',(0.,0.,1.));
#1997=DIRECTION('',(1.,0.,0.));
#1998=DIRECTION('',(0.,0.,1.));
#1999=DIRECTION('center_axis',(1.,0.,0.));
#2000=DIRECTION('ref_axis',(0.,1.,0.));
#2001=DIRECTION('',(0.,1.,0.));
#2002=DIRECTION('',(0.,0.,1.));
#2003=DIRECTION('',(0.,-1.,0.));
#2004=DIRECTION('center_axis',(0.,-1.,0.));
#2005=DIRECTION('ref_axis',(1.,0.,0.));
#2006=DIRECTION('',(1.,0.,0.));
#2007=DIRECTION('',(0.,0.,1.));
#2008=DIRECTION('',(-1.,0.,0.));
#2009=DIRECTION('center_axis',(-1.,0.,0.));
#2010=DIRECTION('ref_axis',(0.,-1.,0.));
#2011=DIRECTION('',(0.,-1.,0.));
#2012=DIRECTION('',(0.,1.,0.));
#2013=DIRECTION('center_axis',(0.,1.,0.));
#2014=DIRECTION('ref_axis',(-1.,0.,0.));
#2015=DIRECTION('',(-1.,0.,0.));
#2016=DIRECTION('',(0.,0.,1.));
#2017=DIRECTION('',(1.,0.,0.));
#2018=DIRECTION('',(0.,0.,1.));
#2019=DIRECTION('center_axis',(1.,0.,0.));
#2020=DIRECTION('ref_axis',(0.,1.,0.));
#2021=DIRECTION('',(0.,1.,0.));
#2022=DIRECTION('',(0.,0.,1.));
#2023=DIRECTION('',(0.,-1.,0.));
#2024=DIRECTION('center_axis',(0.,-1.,0.));
#2025=DIRECTION('ref_axis',(1.,0.,0.));
#2026=DIRECTION('',(1.,0.,0.));
#2027=DIRECTION('',(0.,0.,1.));
#2028=DIRECTION('',(-1.,0.,0.));
#2029=DIRECTION('center_axis',(-1.,0.,0.));
#2030=DIRECTION('ref_axis',(0.,-1.,0.));
#2031=DIRECTION('',(0.,-1.,0.));
#2032=DIRECTION('',(0.,1.,0.));
#2033=DIRECTION('center_axis',(0.,0.,1.));
#2034=DIRECTION('ref_axis',(1.,0.,0.));
#2035=DIRECTION('center_axis',(0.,0.,1.));
#2036=DIRECTION('ref_axis',(1.,0.,0.));
#2037=DIRECTION('',(0.,0.,1.));
#2038=DIRECTION('center_axis',(0.,0.,1.));
#2039=DIRECTION('ref_axis',(1.,0.,0.));
#2040=DIRECTION('center_axis',(0.,0.,1.));
#2041=DIRECTION('ref_axis',(1.,0.,0.));
#2042=DIRECTION('',(0.,0.,1.));
#2043=DIRECTION('center_axis',(0.,0.,1.));
#2044=DIRECTION('ref_axis',(1.,0.,0.));
#2045=DIRECTION('center_axis',(0.,0.,1.));
#2046=DIRECTION('ref_axis',(1.,0.,0.));
#2047=DIRECTION('',(0.,0.,1.));
#2048=DIRECTION('center_axis',(0.,0.,-1.));
#2049=DIRECTION('ref_axis',(1.,0.,0.));
#2050=DIRECTION('center_axis',(0.,0.,1.));
#2051=DIRECTION('ref_axis',(1.,0.,0.));
#2052=DIRECTION('center_axis',(0.,0.,1.));
#2053=DIRECTION('ref_axis',(1.,0.,0.));
#2054=DIRECTION('',(0.,0.,1.));
#2055=DIRECTION('center_axis',(0.,0.,-1.));
#2056=DIRECTION('ref_axis',(1.,0.,0.));
#2057=DIRECTION('center_axis',(0.,0.,1.));
#2058=DIRECTION('ref_axis',(1.,0.,0.));
#2059=DIRECTION('',(-1.,0.,0.));
#2060=DIRECTION('center_axis',(0.,0.,1.));
#2061=DIRECTION('ref_axis',(1.,0.,0.));
#2062=DIRECTION('center_axis',(0.,0.,1.));
#2063=DIRECTION('ref_axis',(1.,0.,0.));
#2064=DIRECTION('center_axis',(0.,0.,1.));
#2065=DIRECTION('ref_axis',(1.,0.,0.));
#2066=DIRECTION('center_axis',(0.,0.,1.));
#2067=DIRECTION('ref_axis',(1.,0.,0.));
#2068=DIRECTION('center_axis',(0.,0.,1.));
#2069=DIRECTION('ref_axis',(1.,0.,0.));
#2070=DIRECTION('center_axis',(0.,0.,1.));
#2071=DIRECTION('ref_axis',(1.,0.,0.));
#2072=DIRECTION('',(0.,0.,1.));
#2073=DIRECTION('center_axis',(0.,0.,-1.));
#2074=DIRECTION('ref_axis',(1.,0.,0.));
#2075=DIRECTION('center_axis',(0.,0.,1.));
#2076=DIRECTION('ref_axis',(1.,0.,0.));
#2077=DIRECTION('',(1.,0.,0.));
#2078=DIRECTION('center_axis',(0.,0.,1.));
#2079=DIRECTION('ref_axis',(1.,0.,0.));
#2080=DIRECTION('center_axis',(0.,0.,1.));
#2081=DIRECTION('ref_axis',(1.,0.,0.));
#2082=DIRECTION('',(0.,0.,1.));
#2083=DIRECTION('center_axis',(0.,0.,-1.));
#2084=DIRECTION('ref_axis',(1.,0.,0.));
#2085=DIRECTION('center_axis',(0.,0.,1.));
#2086=DIRECTION('ref_axis',(1.,0.,0.));
#2087=DIRECTION('center_axis',(0.,0.,1.));
#2088=DIRECTION('ref_axis',(1.,0.,0.));
#2089=DIRECTION('',(0.,0.,1.));
#2090=DIRECTION('center_axis',(0.,0.,-1.));
#2091=DIRECTION('ref_axis',(1.,0.,0.));
#2092=DIRECTION('center_axis',(0.,0.,1.));
#2093=DIRECTION('ref_axis',(1.,0.,0.));
#2094=DIRECTION('center_axis',(0.,0.,1.));
#2095=DIRECTION('ref_axis',(1.,0.,0.));
#2096=DIRECTION('',(0.,0.,1.));
#2097=DIRECTION('center_axis',(0.,0.,-1.));
#2098=DIRECTION('ref_axis',(1.,0.,0.));
#2099=DIRECTION('center_axis',(0.,0.,1.));
#2100=DIRECTION('ref_axis',(1.,0.,0.));
#2101=DIRECTION('center_axis',(0.,0.,1.));
#2102=DIRECTION('ref_axis',(1.,0.,0.));
#2103=DIRECTION('',(0.,0.,1.));
#2104=DIRECTION('center_axis',(0.,0.,-1.));
#2105=DIRECTION('ref_axis',(1.,0.,0.));
#2106=DIRECTION('center_axis',(0.,0.,1.));
#2107=DIRECTION('ref_axis',(1.,0.,0.));
#2108=DIRECTION('center_axis',(0.,0.,1.));
#2109=DIRECTION('ref_axis',(1.,0.,0.));
#2110=DIRECTION('',(0.,0.,1.));
#2111=DIRECTION('center_axis',(0.,0.,-1.));
#2112=DIRECTION('ref_axis',(1.,0.,0.));
#2113=DIRECTION('center_axis',(0.,0.,1.));
#2114=DIRECTION('ref_axis',(1.,0.,0.));
#2115=DIRECTION('center_axis',(0.,0.,1.));
#2116=DIRECTION('ref_axis',(1.,0.,0.));
#2117=DIRECTION('',(0.,0.,1.));
#2118=DIRECTION('center_axis',(0.,0.,-1.));
#2119=DIRECTION('ref_axis',(1.,0.,0.));
#2120=DIRECTION('center_axis',(0.,0.,1.));
#2121=DIRECTION('ref_axis',(1.,0.,0.));
#2122=DIRECTION('',(-1.,0.,0.));
#2123=DIRECTION('center_axis',(0.,0.,1.));
#2124=DIRECTION('ref_axis',(1.,0.,0.));
#2125=DIRECTION('center_axis',(0.,0.,1.));
#2126=DIRECTION('ref_axis',(1.,0.,0.));
#2127=DIRECTION('center_axis',(0.,0.,1.));
#2128=DIRECTION('ref_axis',(1.,0.,0.));
#2129=DIRECTION('center_axis',(0.,0.,1.));
#2130=DIRECTION('ref_axis',(1.,0.,0.));
#2131=DIRECTION('center_axis',(0.,0.,1.));
#2132=DIRECTION('ref_axis',(1.,0.,0.));
#2133=DIRECTION('center_axis',(0.,0.,1.));
#2134=DIRECTION('ref_axis',(1.,0.,0.));
#2135=DIRECTION('',(0.,0.,1.));
#2136=DIRECTION('center_axis',(0.,0.,-1.));
#2137=DIRECTION('ref_axis',(1.,0.,0.));
#2138=DIRECTION('center_axis',(0.,0.,1.));
#2139=DIRECTION('ref_axis',(1.,0.,0.));
#2140=DIRECTION('',(1.,0.,0.));
#2141=DIRECTION('center_axis',(0.,0.,1.));
#2142=DIRECTION('ref_axis',(1.,0.,0.));
#2143=DIRECTION('center_axis',(0.,0.,1.));
#2144=DIRECTION('ref_axis',(1.,0.,0.));
#2145=DIRECTION('',(0.,0.,1.));
#2146=DIRECTION('center_axis',(0.,0.,-1.));
#2147=DIRECTION('ref_axis',(1.,0.,0.));
#2148=DIRECTION('center_axis',(0.,0.,1.));
#2149=DIRECTION('ref_axis',(1.,0.,0.));
#2150=DIRECTION('center_axis',(0.,0.,1.));
#2151=DIRECTION('ref_axis',(1.,0.,0.));
#2152=DIRECTION('',(0.,0.,1.));
#2153=DIRECTION('center_axis',(0.,0.,-1.));
#2154=DIRECTION('ref_axis',(1.,0.,0.));
#2155=DIRECTION('center_axis',(0.,0.,1.));
#2156=DIRECTION('ref_axis',(1.,0.,0.));
#2157=DIRECTION('',(-1.,0.,0.));
#2158=DIRECTION('center_axis',(0.,0.,1.));
#2159=DIRECTION('ref_axis',(1.,0.,0.));
#2160=DIRECTION('center_axis',(0.,0.,1.));
#2161=DIRECTION('ref_axis',(1.,0.,0.));
#2162=DIRECTION('center_axis',(0.,0.,1.));
#2163=DIRECTION('ref_axis',(1.,0.,0.));
#2164=DIRECTION('center_axis',(0.,0.,1.));
#2165=DIRECTION('ref_axis',(1.,0.,0.));
#2166=DIRECTION('center_axis',(0.,0.,1.));
#2167=DIRECTION('ref_axis',(1.,0.,0.));
#2168=DIRECTION('center_axis',(0.,0.,1.));
#2169=DIRECTION('ref_axis',(1.,0.,0.));
#2170=DIRECTION('',(0.,0.,1.));
#2171=DIRECTION('center_axis',(0.,0.,-1.));
#2172=DIRECTION('ref_axis',(1.,0.,0.));
#2173=DIRECTION('center_axis',(0.,0.,1.));
#2174=DIRECTION('ref_axis',(1.,0.,0.));
#2175=DIRECTION('',(1.,0.,0.));
#2176=DIRECTION('center_axis',(0.,0.,1.));
#2177=DIRECTION('ref_axis',(1.,0.,0.));
#2178=DIRECTION('center_axis',(0.,0.,1.));
#2179=DIRECTION('ref_axis',(1.,0.,0.));
#2180=DIRECTION('',(0.,0.,1.));
#2181=DIRECTION('center_axis',(0.,0.,-1.));
#2182=DIRECTION('ref_axis',(1.,0.,0.));
#2183=DIRECTION('center_axis',(0.,0.,1.));
#2184=DIRECTION('ref_axis',(1.,0.,0.));
#2185=DIRECTION('center_axis',(0.,0.,1.));
#2186=DIRECTION('ref_axis',(1.,0.,0.));
#2187=DIRECTION('',(0.,0.,1.));
#2188=DIRECTION('center_axis',(0.,0.,-1.));
#2189=DIRECTION('ref_axis',(1.,0.,0.));
#2190=DIRECTION('center_axis',(0.,0.,1.));
#2191=DIRECTION('ref_axis',(1.,0.,0.));
#2192=DIRECTION('center_axis',(0.,0.,1.));
#2193=DIRECTION('ref_axis',(1.,0.,0.));
#2194=DIRECTION('',(0.,0.,1.));
#2195=DIRECTION('center_axis',(0.,0.,1.));
#2196=DIRECTION('ref_axis',(1.,0.,0.));
#2197=DIRECTION('center_axis',(0.,0.,1.));
#2198=DIRECTION('ref_axis',(1.,0.,0.));
#2199=DIRECTION('',(0.,0.,1.));
#2200=DIRECTION('center_axis',(0.,0.,1.));
#2201=DIRECTION('ref_axis',(1.,0.,0.));
#2202=DIRECTION('',(1.,0.,0.));
#2203=DIRECTION('',(-1.,0.,0.));
#2204=DIRECTION('center_axis',(0.,0.,1.));
#2205=DIRECTION('ref_axis',(1.,0.,0.));
#2206=DIRECTION('',(1.,0.,0.));
#2207=DIRECTION('',(-1.,0.,0.));
#2208=DIRECTION('center_axis',(0.,-1.,0.));
#2209=DIRECTION('ref_axis',(-1.,0.,0.));
#2210=DIRECTION('',(1.,0.,0.));
#2211=DIRECTION('',(0.,0.,-1.));
#2212=DIRECTION('',(-1.,0.,0.));
#2213=DIRECTION('',(0.,0.,-1.));
#2214=DIRECTION('',(1.,0.,0.));
#2215=DIRECTION('center_axis',(1.,0.,0.));
#2216=DIRECTION('ref_axis',(0.,-1.,0.));
#2217=DIRECTION('',(0.,1.,0.));
#2218=DIRECTION('',(0.,-1.,0.));
#2219=DIRECTION('',(0.,0.,-1.));
#2220=DIRECTION('center_axis',(0.,1.,0.));
#2221=DIRECTION('ref_axis',(1.,0.,0.));
#2222=DIRECTION('',(-1.,0.,0.));
#2223=DIRECTION('',(1.,0.,0.));
#2224=DIRECTION('',(0.,0.,-1.));
#2225=DIRECTION('center_axis',(-1.,0.,0.));
#2226=DIRECTION('ref_axis',(0.,1.,0.));
#2227=DIRECTION('',(0.,-1.,0.));
#2228=DIRECTION('',(0.,1.,0.));
#2229=DIRECTION('center_axis',(0.,0.,-1.));
#2230=DIRECTION('ref_axis',(-1.,0.,0.));
#2231=DIRECTION('center_axis',(0.,-1.,0.));
#2232=DIRECTION('ref_axis',(-1.,0.,0.));
#2233=DIRECTION('',(1.,0.,0.));
#2234=DIRECTION('',(0.,0.,-1.));
#2235=DIRECTION('',(-1.,0.,0.));
#2236=DIRECTION('',(0.,0.,-1.));
#2237=DIRECTION('center_axis',(1.,0.,0.));
#2238=DIRECTION('ref_axis',(0.,-1.,0.));
#2239=DIRECTION('',(0.,1.,0.));
#2240=DIRECTION('',(0.,-1.,0.));
#2241=DIRECTION('',(0.,0.,-1.));
#2242=DIRECTION('center_axis',(0.,1.,0.));
#2243=DIRECTION('ref_axis',(1.,0.,0.));
#2244=DIRECTION('',(-1.,0.,0.));
#2245=DIRECTION('',(1.,0.,0.));
#2246=DIRECTION('',(0.,0.,-1.));
#2247=DIRECTION('',(-1.,0.,0.));
#2248=DIRECTION('center_axis',(-1.,0.,0.));
#2249=DIRECTION('ref_axis',(0.,1.,0.));
#2250=DIRECTION('',(0.,-1.,0.));
#2251=DIRECTION('',(0.,1.,0.));
#2252=DIRECTION('center_axis',(0.,0.,-1.));
#2253=DIRECTION('ref_axis',(-1.,0.,0.));
#2254=DIRECTION('center_axis',(0.,1.,0.));
#2255=DIRECTION('ref_axis',(-1.,0.,0.));
#2256=DIRECTION('',(-1.,0.,0.));
#2257=DIRECTION('',(0.,0.,1.));
#2258=DIRECTION('',(-1.,0.,0.));
#2259=DIRECTION('',(0.,0.,1.));
#2260=DIRECTION('center_axis',(1.,0.,0.));
#2261=DIRECTION('ref_axis',(0.,1.,0.));
#2262=DIRECTION('',(0.,1.,0.));
#2263=DIRECTION('',(0.,1.,0.));
#2264=DIRECTION('',(0.,0.,1.));
#2265=DIRECTION('center_axis',(0.,-1.,0.));
#2266=DIRECTION('ref_axis',(1.,0.,0.));
#2267=DIRECTION('',(1.,0.,0.));
#2268=DIRECTION('',(1.,0.,0.));
#2269=DIRECTION('',(0.,0.,1.));
#2270=DIRECTION('center_axis',(-1.,0.,0.));
#2271=DIRECTION('ref_axis',(0.,-1.,0.));
#2272=DIRECTION('',(0.,-1.,0.));
#2273=DIRECTION('',(0.,-1.,0.));
#2274=DIRECTION('center_axis',(0.,0.,1.));
#2275=DIRECTION('ref_axis',(1.,0.,0.));
#2276=DIRECTION('center_axis',(0.,0.,1.));
#2277=DIRECTION('ref_axis',(1.,0.,0.));
#2278=CARTESIAN_POINT('',(0.,0.,0.));
#2279=CARTESIAN_POINT('Origin',(102.82,15.,4.));
#2280=CARTESIAN_POINT('',(99.57,15.,4.));
#2281=CARTESIAN_POINT('Origin',(102.82,15.,4.));
#2282=CARTESIAN_POINT('',(99.57,15.,2.));
#2283=CARTESIAN_POINT('',(99.57,15.,4.));
#2284=CARTESIAN_POINT('Origin',(102.82,15.,2.));
#2285=CARTESIAN_POINT('Origin',(102.82,15.,2.));
#2286=CARTESIAN_POINT('',(101.12,15.,2.));
#2287=CARTESIAN_POINT('Origin',(102.82,15.,2.));
#2288=CARTESIAN_POINT('Origin',(-102.82,29.45,4.));
#2289=CARTESIAN_POINT('',(-106.07,29.45,4.));
#2290=CARTESIAN_POINT('Origin',(-102.82,29.45,4.));
#2291=CARTESIAN_POINT('',(-106.07,29.45,2.));
#2292=CARTESIAN_POINT('',(-106.07,29.45,4.));
#2293=CARTESIAN_POINT('Origin',(-102.82,29.45,2.));
#2294=CARTESIAN_POINT('Origin',(-102.82,29.45,2.));
#2295=CARTESIAN_POINT('',(-104.52,29.45,2.));
#2296=CARTESIAN_POINT('Origin',(-102.82,29.45,2.));
#2297=CARTESIAN_POINT('Origin',(-102.82,15.,4.));
#2298=CARTESIAN_POINT('',(-106.07,15.,4.));
#2299=CARTESIAN_POINT('Origin',(-102.82,15.,4.));
#2300=CARTESIAN_POINT('',(-106.07,15.,2.));
#2301=CARTESIAN_POINT('',(-106.07,15.,4.));
#2302=CARTESIAN_POINT('Origin',(-102.82,15.,2.));
#2303=CARTESIAN_POINT('Origin',(-102.82,15.,2.));
#2304=CARTESIAN_POINT('',(-104.52,15.,2.));
#2305=CARTESIAN_POINT('Origin',(-102.82,15.,2.));
#2306=CARTESIAN_POINT('Origin',(102.82,29.45,4.));
#2307=CARTESIAN_POINT('',(99.57,29.45,4.));
#2308=CARTESIAN_POINT('Origin',(102.82,29.45,4.));
#2309=CARTESIAN_POINT('',(99.57,29.45,2.));
#2310=CARTESIAN_POINT('',(99.57,29.45,4.));
#2311=CARTESIAN_POINT('Origin',(102.82,29.45,2.));
#2312=CARTESIAN_POINT('Origin',(102.82,29.45,2.));
#2313=CARTESIAN_POINT('',(101.12,29.45,2.));
#2314=CARTESIAN_POINT('Origin',(102.82,29.45,2.));
#2315=CARTESIAN_POINT('Origin',(90.69,20.,0.));
#2316=CARTESIAN_POINT('',(90.69,20.,0.));
#2317=CARTESIAN_POINT('',(88.19,20.,0.));
#2318=CARTESIAN_POINT('',(45.345,20.,0.));
#2319=CARTESIAN_POINT('',(90.69,20.,4.));
#2320=CARTESIAN_POINT('',(90.69,20.,0.));
#2321=CARTESIAN_POINT('',(88.19,20.,4.));
#2322=CARTESIAN_POINT('',(45.345,20.,4.));
#2323=CARTESIAN_POINT('',(88.19,20.,0.));
#2324=CARTESIAN_POINT('Origin',(90.69,15.,0.));
#2325=CARTESIAN_POINT('',(90.69,15.,0.));
#2326=CARTESIAN_POINT('',(90.69,18.6125,0.));
#2327=CARTESIAN_POINT('',(90.69,15.,4.));
#2328=CARTESIAN_POINT('',(90.69,15.,0.));
#2329=CARTESIAN_POINT('',(90.69,18.6125,4.));
#2330=CARTESIAN_POINT('Origin',(88.19,15.,0.));
#2331=CARTESIAN_POINT('',(88.19,15.,0.));
#2332=CARTESIAN_POINT('',(44.095,15.,0.));
#2333=CARTESIAN_POINT('',(88.19,15.,4.));
#2334=CARTESIAN_POINT('',(88.19,15.,0.));
#2335=CARTESIAN_POINT('',(44.095,15.,4.));
#2336=CARTESIAN_POINT('Origin',(88.19,20.,0.));
#2337=CARTESIAN_POINT('',(88.19,21.1125,0.));
#2338=CARTESIAN_POINT('',(88.19,21.1125,4.));
#2339=CARTESIAN_POINT('Origin',(33.03,20.,0.));
#2340=CARTESIAN_POINT('',(33.03,20.,0.));
#2341=CARTESIAN_POINT('',(30.53,20.,0.));
#2342=CARTESIAN_POINT('',(16.515,20.,0.));
#2343=CARTESIAN_POINT('',(33.03,20.,4.));
#2344=CARTESIAN_POINT('',(33.03,20.,0.));
#2345=CARTESIAN_POINT('',(30.53,20.,4.));
#2346=CARTESIAN_POINT('',(16.515,20.,4.));
#2347=CARTESIAN_POINT('',(30.53,20.,0.));
#2348=CARTESIAN_POINT('Origin',(33.03,15.,0.));
#2349=CARTESIAN_POINT('',(33.03,15.,0.));
#2350=CARTESIAN_POINT('',(33.03,18.6125,0.));
#2351=CARTESIAN_POINT('',(33.03,15.,4.));
#2352=CARTESIAN_POINT('',(33.03,15.,0.));
#2353=CARTESIAN_POINT('',(33.03,18.6125,4.));
#2354=CARTESIAN_POINT('Origin',(30.53,15.,0.));
#2355=CARTESIAN_POINT('',(30.53,15.,0.));
#2356=CARTESIAN_POINT('',(15.265,15.,0.));
#2357=CARTESIAN_POINT('',(30.53,15.,4.));
#2358=CARTESIAN_POINT('',(30.53,15.,0.));
#2359=CARTESIAN_POINT('',(15.265,15.,4.));
#2360=CARTESIAN_POINT('Origin',(30.53,20.,0.));
#2361=CARTESIAN_POINT('',(30.53,21.1125,0.));
#2362=CARTESIAN_POINT('',(30.53,21.1125,4.));
#2363=CARTESIAN_POINT('Origin',(-30.53,29.5,0.));
#2364=CARTESIAN_POINT('',(-30.53,29.5,0.));
#2365=CARTESIAN_POINT('',(-33.03,29.5,0.));
#2366=CARTESIAN_POINT('',(-15.265,29.5,0.));
#2367=CARTESIAN_POINT('',(-30.53,29.5,4.));
#2368=CARTESIAN_POINT('',(-30.53,29.5,0.));
#2369=CARTESIAN_POINT('',(-33.03,29.5,4.));
#2370=CARTESIAN_POINT('',(-15.265,29.5,4.));
#2371=CARTESIAN_POINT('',(-33.03,29.5,0.));
#2372=CARTESIAN_POINT('Origin',(-30.53,24.5,0.));
#2373=CARTESIAN_POINT('',(-30.53,24.5,0.));
#2374=CARTESIAN_POINT('',(-30.53,23.3625,0.));
#2375=CARTESIAN_POINT('',(-30.53,24.5,4.));
#2376=CARTESIAN_POINT('',(-30.53,24.5,0.));
#2377=CARTESIAN_POINT('',(-30.53,23.3625,4.));
#2378=CARTESIAN_POINT('Origin',(-33.03,24.5,0.));
#2379=CARTESIAN_POINT('',(-33.03,24.5,0.));
#2380=CARTESIAN_POINT('',(-16.515,24.5,0.));
#2381=CARTESIAN_POINT('',(-33.03,24.5,4.));
#2382=CARTESIAN_POINT('',(-33.03,24.5,0.));
#2383=CARTESIAN_POINT('',(-16.515,24.5,4.));
#2384=CARTESIAN_POINT('Origin',(-33.03,29.5,0.));
#2385=CARTESIAN_POINT('',(-33.03,25.8625,0.));
#2386=CARTESIAN_POINT('',(-33.03,25.8625,4.));
#2387=CARTESIAN_POINT('Origin',(-88.19,29.5,0.));
#2388=CARTESIAN_POINT('',(-88.19,29.5,0.));
#2389=CARTESIAN_POINT('',(-90.69,29.5,0.));
#2390=CARTESIAN_POINT('',(-44.095,29.5,0.));
#2391=CARTESIAN_POINT('',(-88.19,29.5,4.));
#2392=CARTESIAN_POINT('',(-88.19,29.5,0.));
#2393=CARTESIAN_POINT('',(-90.69,29.5,4.));
#2394=CARTESIAN_POINT('',(-44.095,29.5,4.));
#2395=CARTESIAN_POINT('',(-90.69,29.5,0.));
#2396=CARTESIAN_POINT('Origin',(-88.19,24.5,0.));
#2397=CARTESIAN_POINT('',(-88.19,24.5,0.));
#2398=CARTESIAN_POINT('',(-88.19,23.3625,0.));
#2399=CARTESIAN_POINT('',(-88.19,24.5,4.));
#2400=CARTESIAN_POINT('',(-88.19,24.5,0.));
#2401=CARTESIAN_POINT('',(-88.19,23.3625,4.));
#2402=CARTESIAN_POINT('Origin',(-90.69,24.5,0.));
#2403=CARTESIAN_POINT('',(-90.69,24.5,0.));
#2404=CARTESIAN_POINT('',(-45.345,24.5,0.));
#2405=CARTESIAN_POINT('',(-90.69,24.5,4.));
#2406=CARTESIAN_POINT('',(-90.69,24.5,0.));
#2407=CARTESIAN_POINT('',(-45.345,24.5,4.));
#2408=CARTESIAN_POINT('Origin',(-90.69,29.5,0.));
#2409=CARTESIAN_POINT('',(-90.69,25.8625,0.));
#2410=CARTESIAN_POINT('',(-90.69,25.8625,4.));
#2411=CARTESIAN_POINT('Origin',(-30.53,20.,0.));
#2412=CARTESIAN_POINT('',(-30.53,20.,0.));
#2413=CARTESIAN_POINT('',(-33.03,20.,0.));
#2414=CARTESIAN_POINT('',(-15.265,20.,0.));
#2415=CARTESIAN_POINT('',(-30.53,20.,4.));
#2416=CARTESIAN_POINT('',(-30.53,20.,0.));
#2417=CARTESIAN_POINT('',(-33.03,20.,4.));
#2418=CARTESIAN_POINT('',(-15.265,20.,4.));
#2419=CARTESIAN_POINT('',(-33.03,20.,0.));
#2420=CARTESIAN_POINT('Origin',(-30.53,15.,0.));
#2421=CARTESIAN_POINT('',(-30.53,15.,0.));
#2422=CARTESIAN_POINT('',(-30.53,18.6125,0.));
#2423=CARTESIAN_POINT('',(-30.53,15.,4.));
#2424=CARTESIAN_POINT('',(-30.53,15.,0.));
#2425=CARTESIAN_POINT('',(-30.53,18.6125,4.));
#2426=CARTESIAN_POINT('Origin',(-33.03,15.,0.));
#2427=CARTESIAN_POINT('',(-33.03,15.,0.));
#2428=CARTESIAN_POINT('',(-16.515,15.,0.));
#2429=CARTESIAN_POINT('',(-33.03,15.,4.));
#2430=CARTESIAN_POINT('',(-33.03,15.,0.));
#2431=CARTESIAN_POINT('',(-16.515,15.,4.));
#2432=CARTESIAN_POINT('Origin',(-33.03,20.,0.));
#2433=CARTESIAN_POINT('',(-33.03,21.1125,0.));
#2434=CARTESIAN_POINT('',(-33.03,21.1125,4.));
#2435=CARTESIAN_POINT('Origin',(-88.19,20.,0.));
#2436=CARTESIAN_POINT('',(-88.19,20.,0.));
#2437=CARTESIAN_POINT('',(-90.69,20.,0.));
#2438=CARTESIAN_POINT('',(-44.095,20.,0.));
#2439=CARTESIAN_POINT('',(-88.19,20.,4.));
#2440=CARTESIAN_POINT('',(-88.19,20.,0.));
#2441=CARTESIAN_POINT('',(-90.69,20.,4.));
#2442=CARTESIAN_POINT('',(-44.095,20.,4.));
#2443=CARTESIAN_POINT('',(-90.69,20.,0.));
#2444=CARTESIAN_POINT('Origin',(-88.19,15.,0.));
#2445=CARTESIAN_POINT('',(-88.19,15.,0.));
#2446=CARTESIAN_POINT('',(-88.19,18.6125,0.));
#2447=CARTESIAN_POINT('',(-88.19,15.,4.));
#2448=CARTESIAN_POINT('',(-88.19,15.,0.));
#2449=CARTESIAN_POINT('',(-88.19,18.6125,4.));
#2450=CARTESIAN_POINT('Origin',(-90.69,15.,0.));
#2451=CARTESIAN_POINT('',(-90.69,15.,0.));
#2452=CARTESIAN_POINT('',(-45.345,15.,0.));
#2453=CARTESIAN_POINT('',(-90.69,15.,4.));
#2454=CARTESIAN_POINT('',(-90.69,15.,0.));
#2455=CARTESIAN_POINT('',(-45.345,15.,4.));
#2456=CARTESIAN_POINT('Origin',(-90.69,20.,0.));
#2457=CARTESIAN_POINT('',(-90.69,21.1125,0.));
#2458=CARTESIAN_POINT('',(-90.69,21.1125,4.));
#2459=CARTESIAN_POINT('Origin',(33.03,29.5,0.));
#2460=CARTESIAN_POINT('',(33.03,29.5,0.));
#2461=CARTESIAN_POINT('',(30.53,29.5,0.));
#2462=CARTESIAN_POINT('',(16.515,29.5,0.));
#2463=CARTESIAN_POINT('',(33.03,29.5,4.));
#2464=CARTESIAN_POINT('',(33.03,29.5,0.));
#2465=CARTESIAN_POINT('',(30.53,29.5,4.));
#2466=CARTESIAN_POINT('',(16.515,29.5,4.));
#2467=CARTESIAN_POINT('',(30.53,29.5,0.));
#2468=CARTESIAN_POINT('Origin',(33.03,24.5,0.));
#2469=CARTESIAN_POINT('',(33.03,24.5,0.));
#2470=CARTESIAN_POINT('',(33.03,23.3625,0.));
#2471=CARTESIAN_POINT('',(33.03,24.5,4.));
#2472=CARTESIAN_POINT('',(33.03,24.5,0.));
#2473=CARTESIAN_POINT('',(33.03,23.3625,4.));
#2474=CARTESIAN_POINT('Origin',(30.53,24.5,0.));
#2475=CARTESIAN_POINT('',(30.53,24.5,0.));
#2476=CARTESIAN_POINT('',(15.265,24.5,0.));
#2477=CARTESIAN_POINT('',(30.53,24.5,4.));
#2478=CARTESIAN_POINT('',(30.53,24.5,0.));
#2479=CARTESIAN_POINT('',(15.265,24.5,4.));
#2480=CARTESIAN_POINT('Origin',(30.53,29.5,0.));
#2481=CARTESIAN_POINT('',(30.53,25.8625,0.));
#2482=CARTESIAN_POINT('',(30.53,25.8625,4.));
#2483=CARTESIAN_POINT('Origin',(90.69,29.5,0.));
#2484=CARTESIAN_POINT('',(90.69,29.5,0.));
#2485=CARTESIAN_POINT('',(88.19,29.5,0.));
#2486=CARTESIAN_POINT('',(45.345,29.5,0.));
#2487=CARTESIAN_POINT('',(90.69,29.5,4.));
#2488=CARTESIAN_POINT('',(90.69,29.5,0.));
#2489=CARTESIAN_POINT('',(88.19,29.5,4.));
#2490=CARTESIAN_POINT('',(45.345,29.5,4.));
#2491=CARTESIAN_POINT('',(88.19,29.5,0.));
#2492=CARTESIAN_POINT('Origin',(90.69,24.5,0.));
#2493=CARTESIAN_POINT('',(90.69,24.5,0.));
#2494=CARTESIAN_POINT('',(90.69,23.3625,0.));
#2495=CARTESIAN_POINT('',(90.69,24.5,4.));
#2496=CARTESIAN_POINT('',(90.69,24.5,0.));
#2497=CARTESIAN_POINT('',(90.69,23.3625,4.));
#2498=CARTESIAN_POINT('Origin',(88.19,24.5,0.));
#2499=CARTESIAN_POINT('',(88.19,24.5,0.));
#2500=CARTESIAN_POINT('',(44.095,24.5,0.));
#2501=CARTESIAN_POINT('',(88.19,24.5,4.));
#2502=CARTESIAN_POINT('',(88.19,24.5,0.));
#2503=CARTESIAN_POINT('',(44.095,24.5,4.));
#2504=CARTESIAN_POINT('Origin',(88.19,29.5,0.));
#2505=CARTESIAN_POINT('',(88.19,25.8625,0.));
#2506=CARTESIAN_POINT('',(88.19,25.8625,4.));
#2507=CARTESIAN_POINT('Origin',(102.82,15.,0.));
#2508=CARTESIAN_POINT('',(101.12,15.,0.));
#2509=CARTESIAN_POINT('Origin',(102.82,15.,0.));
#2510=CARTESIAN_POINT('',(101.12,15.,0.));
#2511=CARTESIAN_POINT('Origin',(-102.82,15.,0.));
#2512=CARTESIAN_POINT('',(-104.52,15.,0.));
#2513=CARTESIAN_POINT('Origin',(-102.82,15.,0.));
#2514=CARTESIAN_POINT('',(-104.52,15.,0.));
#2515=CARTESIAN_POINT('Origin',(79.55,6.225,0.));
#2516=CARTESIAN_POINT('',(77.75,6.225,0.));
#2517=CARTESIAN_POINT('Origin',(79.55,6.225,0.));
#2518=CARTESIAN_POINT('',(77.75,6.225,4.));
#2519=CARTESIAN_POINT('',(77.75,6.225,0.));
#2520=CARTESIAN_POINT('Origin',(79.55,6.225,4.));
#2521=CARTESIAN_POINT('Origin',(47.55,6.225,0.));
#2522=CARTESIAN_POINT('',(45.75,6.225,0.));
#2523=CARTESIAN_POINT('Origin',(47.55,6.225,0.));
#2524=CARTESIAN_POINT('',(45.75,6.225,4.));
#2525=CARTESIAN_POINT('',(45.75,6.225,0.));
#2526=CARTESIAN_POINT('Origin',(47.55,6.225,4.));
#2527=CARTESIAN_POINT('Origin',(-63.55,22.225,0.));
#2528=CARTESIAN_POINT('',(-55.8724759850587,4.3,0.));
#2529=CARTESIAN_POINT('',(-71.2275240149413,4.3,0.));
#2530=CARTESIAN_POINT('',(-48.61,4.3,0.));
#2531=CARTESIAN_POINT('Origin',(-63.55,22.225,0.));
#2532=CARTESIAN_POINT('Origin',(-63.55,22.225,0.));
#2533=CARTESIAN_POINT('',(-71.2275240149413,40.15,0.));
#2534=CARTESIAN_POINT('',(-83.05,22.225,0.));
#2535=CARTESIAN_POINT('Origin',(-63.55,22.225,0.));
#2536=CARTESIAN_POINT('',(-55.8724759850587,40.15,0.));
#2537=CARTESIAN_POINT('Origin',(-63.55,22.225,0.));
#2538=CARTESIAN_POINT('Origin',(-63.55,22.225,0.));
#2539=CARTESIAN_POINT('Origin',(-63.55,22.225,0.));
#2540=CARTESIAN_POINT('',(-83.05,22.225,4.));
#2541=CARTESIAN_POINT('',(-83.05,22.225,0.));
#2542=CARTESIAN_POINT('Origin',(-63.55,22.225,4.));
#2543=CARTESIAN_POINT('Origin',(-63.55,22.225,0.));
#2544=CARTESIAN_POINT('',(48.61,40.15,0.));
#2545=CARTESIAN_POINT('Origin',(16.,6.225,0.));
#2546=CARTESIAN_POINT('',(14.2,6.225,0.));
#2547=CARTESIAN_POINT('Origin',(16.,6.225,0.));
#2548=CARTESIAN_POINT('',(14.2,6.225,4.));
#2549=CARTESIAN_POINT('',(14.2,6.225,0.));
#2550=CARTESIAN_POINT('Origin',(16.,6.225,4.));
#2551=CARTESIAN_POINT('Origin',(-16.,6.225,0.));
#2552=CARTESIAN_POINT('',(-17.8,6.225,0.));
#2553=CARTESIAN_POINT('Origin',(-16.,6.225,0.));
#2554=CARTESIAN_POINT('',(-17.8,6.225,4.));
#2555=CARTESIAN_POINT('',(-17.8,6.225,0.));
#2556=CARTESIAN_POINT('Origin',(-16.,6.225,4.));
#2557=CARTESIAN_POINT('Origin',(-47.55,38.225,0.));
#2558=CARTESIAN_POINT('',(-49.35,38.225,0.));
#2559=CARTESIAN_POINT('Origin',(-47.55,38.225,0.));
#2560=CARTESIAN_POINT('',(-49.35,38.225,4.));
#2561=CARTESIAN_POINT('',(-49.35,38.225,0.));
#2562=CARTESIAN_POINT('Origin',(-47.55,38.225,4.));
#2563=CARTESIAN_POINT('Origin',(-79.55,38.225,0.));
#2564=CARTESIAN_POINT('',(-81.35,38.225,0.));
#2565=CARTESIAN_POINT('Origin',(-79.55,38.225,0.));
#2566=CARTESIAN_POINT('',(-81.35,38.225,4.));
#2567=CARTESIAN_POINT('',(-81.35,38.225,0.));
#2568=CARTESIAN_POINT('Origin',(-79.55,38.225,4.));
#2569=CARTESIAN_POINT('Origin',(-79.55,6.225,0.));
#2570=CARTESIAN_POINT('',(-81.35,6.225,0.));
#2571=CARTESIAN_POINT('Origin',(-79.55,6.225,0.));
#2572=CARTESIAN_POINT('',(-81.35,6.225,4.));
#2573=CARTESIAN_POINT('',(-81.35,6.225,0.));
#2574=CARTESIAN_POINT('Origin',(-79.55,6.225,4.));
#2575=CARTESIAN_POINT('Origin',(-47.55,6.225,0.));
#2576=CARTESIAN_POINT('',(-49.35,6.225,0.));
#2577=CARTESIAN_POINT('Origin',(-47.55,6.225,0.));
#2578=CARTESIAN_POINT('',(-49.35,6.225,4.));
#2579=CARTESIAN_POINT('',(-49.35,6.225,0.));
#2580=CARTESIAN_POINT('Origin',(-47.55,6.225,4.));
#2581=CARTESIAN_POINT('Origin',(0.,22.225,0.));
#2582=CARTESIAN_POINT('',(7.67752401494128,4.3,0.));
#2583=CARTESIAN_POINT('',(-7.67752401494128,4.3,0.));
#2584=CARTESIAN_POINT('',(-48.61,4.3,0.));
#2585=CARTESIAN_POINT('Origin',(0.,22.225,0.));
#2586=CARTESIAN_POINT('Origin',(0.,22.225,0.));
#2587=CARTESIAN_POINT('',(-7.67752401494129,40.15,0.));
#2588=CARTESIAN_POINT('',(-19.5,22.225,0.));
#2589=CARTESIAN_POINT('Origin',(0.,22.225,0.));
#2590=CARTESIAN_POINT('',(7.67752401494129,40.15,0.));
#2591=CARTESIAN_POINT('Origin',(0.,22.225,0.));
#2592=CARTESIAN_POINT('Origin',(0.,22.225,0.));
#2593=CARTESIAN_POINT('Origin',(0.,22.225,0.));
#2594=CARTESIAN_POINT('',(-19.5,22.225,4.));
#2595=CARTESIAN_POINT('',(-19.5,22.225,0.));
#2596=CARTESIAN_POINT('Origin',(0.,22.225,4.));
#2597=CARTESIAN_POINT('Origin',(0.,22.225,0.));
#2598=CARTESIAN_POINT('',(48.61,40.15,0.));
#2599=CARTESIAN_POINT('Origin',(-16.,38.225,0.));
#2600=CARTESIAN_POINT('',(-17.8,38.225,0.));
#2601=CARTESIAN_POINT('Origin',(-16.,38.225,0.));
#2602=CARTESIAN_POINT('',(-17.8,38.225,4.));
#2603=CARTESIAN_POINT('',(-17.8,38.225,0.));
#2604=CARTESIAN_POINT('Origin',(-16.,38.225,4.));
#2605=CARTESIAN_POINT('Origin',(16.,38.225,0.));
#2606=CARTESIAN_POINT('',(14.2,38.225,0.));
#2607=CARTESIAN_POINT('Origin',(16.,38.225,0.));
#2608=CARTESIAN_POINT('',(14.2,38.225,4.));
#2609=CARTESIAN_POINT('',(14.2,38.225,0.));
#2610=CARTESIAN_POINT('Origin',(16.,38.225,4.));
#2611=CARTESIAN_POINT('Origin',(63.55,22.225,0.));
#2612=CARTESIAN_POINT('',(71.2275240149413,4.3,0.));
#2613=CARTESIAN_POINT('',(55.8724759850588,4.3,0.));
#2614=CARTESIAN_POINT('',(-48.61,4.3,0.));
#2615=CARTESIAN_POINT('Origin',(63.55,22.225,0.));
#2616=CARTESIAN_POINT('Origin',(63.55,22.225,0.));
#2617=CARTESIAN_POINT('',(55.8724759850587,40.15,0.));
#2618=CARTESIAN_POINT('',(44.05,22.225,0.));
#2619=CARTESIAN_POINT('Origin',(63.55,22.225,0.));
#2620=CARTESIAN_POINT('',(71.2275240149413,40.15,0.));
#2621=CARTESIAN_POINT('Origin',(63.55,22.225,0.));
#2622=CARTESIAN_POINT('Origin',(63.55,22.225,0.));
#2623=CARTESIAN_POINT('Origin',(63.55,22.225,0.));
#2624=CARTESIAN_POINT('',(44.05,22.225,4.));
#2625=CARTESIAN_POINT('',(44.05,22.225,0.));
#2626=CARTESIAN_POINT('Origin',(63.55,22.225,4.));
#2627=CARTESIAN_POINT('Origin',(63.55,22.225,0.));
#2628=CARTESIAN_POINT('',(48.61,40.15,0.));
#2629=CARTESIAN_POINT('Origin',(47.55,38.225,0.));
#2630=CARTESIAN_POINT('',(45.75,38.225,0.));
#2631=CARTESIAN_POINT('Origin',(47.55,38.225,0.));
#2632=CARTESIAN_POINT('',(45.75,38.225,4.));
#2633=CARTESIAN_POINT('',(45.75,38.225,0.));
#2634=CARTESIAN_POINT('Origin',(47.55,38.225,4.));
#2635=CARTESIAN_POINT('Origin',(79.55,38.225,0.));
#2636=CARTESIAN_POINT('',(77.75,38.225,0.));
#2637=CARTESIAN_POINT('Origin',(79.55,38.225,0.));
#2638=CARTESIAN_POINT('',(77.75,38.225,4.));
#2639=CARTESIAN_POINT('',(77.75,38.225,0.));
#2640=CARTESIAN_POINT('Origin',(79.55,38.225,4.));
#2641=CARTESIAN_POINT('Origin',(-102.82,29.45,0.));
#2642=CARTESIAN_POINT('',(-104.52,29.45,0.));
#2643=CARTESIAN_POINT('Origin',(-102.82,29.45,0.));
#2644=CARTESIAN_POINT('',(-104.52,29.45,0.));
#2645=CARTESIAN_POINT('Origin',(102.82,29.45,0.));
#2646=CARTESIAN_POINT('',(101.12,29.45,0.));
#2647=CARTESIAN_POINT('Origin',(102.82,29.45,0.));
#2648=CARTESIAN_POINT('',(101.12,29.45,0.));
#2649=CARTESIAN_POINT('Origin',(0.,22.225,0.));
#2650=CARTESIAN_POINT('',(48.61,40.15,0.));
#2651=CARTESIAN_POINT('',(-48.61,4.3,0.));
#2652=CARTESIAN_POINT('Origin',(0.,22.225,0.));
#2653=CARTESIAN_POINT('',(48.61,40.15,0.));
#2654=CARTESIAN_POINT('',(-48.61,4.3,0.));
#2655=CARTESIAN_POINT('Origin',(97.22,40.15,0.));
#2656=CARTESIAN_POINT('',(-97.22,40.15,0.));
#2657=CARTESIAN_POINT('',(48.61,40.15,0.));
#2658=CARTESIAN_POINT('',(-97.22,40.15,-72.));
#2659=CARTESIAN_POINT('',(-97.22,40.15,0.));
#2660=CARTESIAN_POINT('',(97.22,40.15,-72.));
#2661=CARTESIAN_POINT('',(-97.22,40.15,-72.));
#2662=CARTESIAN_POINT('',(97.22,40.15,0.));
#2663=CARTESIAN_POINT('',(97.22,40.15,0.));
#2664=CARTESIAN_POINT('',(48.61,40.15,0.));
#2665=CARTESIAN_POINT('Origin',(97.22,42.35,0.));
#2666=CARTESIAN_POINT('',(97.22,42.35,0.));
#2667=CARTESIAN_POINT('',(97.22,32.2875,0.));
#2668=CARTESIAN_POINT('',(97.22,42.35,-72.));
#2669=CARTESIAN_POINT('',(97.22,40.15,-72.));
#2670=CARTESIAN_POINT('',(97.22,42.35,0.));
#2671=CARTESIAN_POINT('Origin',(-97.22,42.35,0.));
#2672=CARTESIAN_POINT('',(-97.22,42.35,0.));
#2673=CARTESIAN_POINT('',(-48.61,42.35,0.));
#2674=CARTESIAN_POINT('',(-97.22,42.35,-72.));
#2675=CARTESIAN_POINT('',(97.22,42.35,-72.));
#2676=CARTESIAN_POINT('',(-97.22,42.35,0.));
#2677=CARTESIAN_POINT('Origin',(-97.22,40.15,0.));
#2678=CARTESIAN_POINT('',(-97.22,31.1875,0.));
#2679=CARTESIAN_POINT('',(-97.22,42.35,-72.));
#2680=CARTESIAN_POINT('Origin',(0.,41.25,-72.));
#2681=CARTESIAN_POINT('Origin',(97.22,2.1,0.));
#2682=CARTESIAN_POINT('',(-97.22,2.1,0.));
#2683=CARTESIAN_POINT('',(97.22,2.1,0.));
#2684=CARTESIAN_POINT('',(48.61,2.1,0.));
#2685=CARTESIAN_POINT('',(-97.22,2.1,-72.));
#2686=CARTESIAN_POINT('',(-97.22,2.1,0.));
#2687=CARTESIAN_POINT('',(97.22,2.1,-72.));
#2688=CARTESIAN_POINT('',(-97.22,2.1,-72.));
#2689=CARTESIAN_POINT('',(97.22,2.1,0.));
#2690=CARTESIAN_POINT('Origin',(97.22,4.3,0.));
#2691=CARTESIAN_POINT('',(97.22,4.3,0.));
#2692=CARTESIAN_POINT('',(97.22,13.2625,0.));
#2693=CARTESIAN_POINT('',(97.22,4.3,-72.));
#2694=CARTESIAN_POINT('',(97.22,2.1,-72.));
#2695=CARTESIAN_POINT('',(97.22,4.3,0.));
#2696=CARTESIAN_POINT('Origin',(-97.22,4.3,0.));
#2697=CARTESIAN_POINT('',(-48.61,4.3,0.));
#2698=CARTESIAN_POINT('',(-97.22,4.3,-72.));
#2699=CARTESIAN_POINT('',(97.22,4.3,-72.));
#2700=CARTESIAN_POINT('',(-97.22,4.3,0.));
#2701=CARTESIAN_POINT('',(-97.22,4.3,0.));
#2702=CARTESIAN_POINT('',(-48.61,4.3,0.));
#2703=CARTESIAN_POINT('Origin',(-97.22,2.1,0.));
#2704=CARTESIAN_POINT('',(-97.22,12.1625,0.));
#2705=CARTESIAN_POINT('',(-97.22,4.3,-72.));
#2706=CARTESIAN_POINT('Origin',(0.,3.2,-72.));
#2707=CARTESIAN_POINT('Origin',(111.,44.05,0.));
#2708=CARTESIAN_POINT('',(111.,44.05,0.));
#2709=CARTESIAN_POINT('',(-111.,44.05,0.));
#2710=CARTESIAN_POINT('',(111.,44.05,0.));
#2711=CARTESIAN_POINT('',(-111.,44.05,4.));
#2712=CARTESIAN_POINT('',(-111.,44.05,0.));
#2713=CARTESIAN_POINT('',(111.,44.05,4.));
#2714=CARTESIAN_POINT('',(111.,44.05,4.));
#2715=CARTESIAN_POINT('',(111.,44.05,0.));
#2716=CARTESIAN_POINT('Origin',(111.,0.4,0.));
#2717=CARTESIAN_POINT('',(111.,0.4,0.));
#2718=CARTESIAN_POINT('',(111.,0.4,0.));
#2719=CARTESIAN_POINT('',(111.,0.4,4.));
#2720=CARTESIAN_POINT('',(111.,0.4,4.));
#2721=CARTESIAN_POINT('',(111.,0.4,0.));
#2722=CARTESIAN_POINT('Origin',(-111.,0.4,0.));
#2723=CARTESIAN_POINT('',(-111.,0.4,0.));
#2724=CARTESIAN_POINT('',(-111.,0.4,0.));
#2725=CARTESIAN_POINT('',(-111.,0.4,4.));
#2726=CARTESIAN_POINT('',(-111.,0.4,4.));
#2727=CARTESIAN_POINT('',(-111.,0.4,0.));
#2728=CARTESIAN_POINT('Origin',(-111.,44.05,0.));
#2729=CARTESIAN_POINT('',(-111.,44.05,0.));
#2730=CARTESIAN_POINT('',(-111.,44.05,4.));
#2731=CARTESIAN_POINT('Origin',(0.,22.225,4.));
#2732=CARTESIAN_POINT('Origin',(0.,22.225,0.));
#2733=UNCERTAINTY_MEASURE_WITH_UNIT(LENGTH_MEASURE(0.01),#2737,
'DISTANCE_ACCURACY_VALUE',
'Maximum model space distance between geometric entities at asserted c
onnectivities');
#2734=UNCERTAINTY_MEASURE_WITH_UNIT(LENGTH_MEASURE(0.01),#2737,
'DISTANCE_ACCURACY_VALUE',
'Maximum model space distance between geometric entities at asserted c
onnectivities');
#2735=(
GEOMETRIC_REPRESENTATION_CONTEXT(3)
GLOBAL_UNCERTAINTY_ASSIGNED_CONTEXT((#2733))
GLOBAL_UNIT_ASSIGNED_CONTEXT((#2737,#2739,#2740))
REPRESENTATION_CONTEXT('','3D')
);
#2736=(
GEOMETRIC_REPRESENTATION_CONTEXT(3)
GLOBAL_UNCERTAINTY_ASSIGNED_CONTEXT((#2734))
GLOBAL_UNIT_ASSIGNED_CONTEXT((#2737,#2739,#2740))
REPRESENTATION_CONTEXT('','3D')
);
#2737=(
LENGTH_UNIT()
NAMED_UNIT(*)
SI_UNIT(.MILLI.,.METRE.)
);
#2738=(
LENGTH_UNIT()
NAMED_UNIT(*)
SI_UNIT($,.METRE.)
);
#2739=(
NAMED_UNIT(*)
PLANE_ANGLE_UNIT()
SI_UNIT($,.RADIAN.)
);
#2740=(
NAMED_UNIT(*)
SI_UNIT($,.STERADIAN.)
SOLID_ANGLE_UNIT()
);
#2741=SHAPE_DEFINITION_REPRESENTATION(#2742,#2743);
#2742=PRODUCT_DEFINITION_SHAPE('',$,#2745);
#2743=SHAPE_REPRESENTATION('',(#1685),#2735);
#2744=PRODUCT_DEFINITION_CONTEXT('part definition',#2749,'design');
#2745=PRODUCT_DEFINITION('2026-08-26-08-42-23-333','(Unsaved)',#2746,#2744);
#2746=PRODUCT_DEFINITION_FORMATION('',$,#2751);
#2747=PRODUCT_RELATED_PRODUCT_CATEGORY('(Unsaved)','(Unsaved)',(#2751));
#2748=APPLICATION_PROTOCOL_DEFINITION('international standard',
'automotive_design',2009,#2749);
#2749=APPLICATION_CONTEXT(
'Core Data for Automotive Mechanical Design Process');
#2750=PRODUCT_CONTEXT('part definition',#2749,'mechanical');
#2751=PRODUCT('2026-08-26-08-42-23-333','(Unsaved)',$,(#2750));
#2752=PRESENTATION_STYLE_ASSIGNMENT((#2753));
#2753=SURFACE_STYLE_USAGE(.BOTH.,#2754);
#2754=SURFACE_SIDE_STYLE('',(#2755));
#2755=SURFACE_STYLE_FILL_AREA(#2756);
#2756=FILL_AREA_STYLE('Steel - Satin',(#2757));
#2757=FILL_AREA_STYLE_COLOUR('Steel - Satin',#2758);
#2758=COLOUR_RGB('Steel - Satin',0.627450980392157,0.627450980392157,0.627450980392157);
ENDSEC;
END-ISO-10303-21;
