ISO-10303-21;
HEADER;
/* Generated by software containing ST-Developer
 * from STEP Tools, Inc. (www.steptools.com) 
 */

FILE_DESCRIPTION(
/* description */ (''),
/* implementation_level */ '2;1');

FILE_NAME(
/* name */ 'rear_fan_plate.step',
/* time_stamp */ '2026-08-26T08:42:23-05:00',
/* author */ (''),
/* organization */ (''),
/* preprocessor_version */ 'ST-DEVELOPER v20.1',
/* originating_system */ 'Autodesk Translation Framework v15.8.0.0',
/* authorisation */ '');

FILE_SCHEMA (('AUTOMOTIVE_DESIGN { 1 0 10303 214 3 1 1 }'));
ENDSEC;

DATA;
#10=MECHANICAL_DESIGN_GEOMETRIC_PRESENTATION_REPRESENTATION('',(#13),#2844);
#11=SHAPE_REPRESENTATION_RELATIONSHIP('SRR','None',#2851,#12);
#12=ADVANCED_BREP_SHAPE_REPRESENTATION('',(#14),#2843);
#13=STYLED_ITEM('',(#2860),#14);
#14=MANIFOLD_SOLID_BREP('Rear Fan Plate',#1744);
#15=CYLINDRICAL_SURFACE('',#1796,19.5);
#16=CYLINDRICAL_SURFACE('',#1799,3.24999999999999);
#17=CYLINDRICAL_SURFACE('',#1804,3.24999999999999);
#18=CYLINDRICAL_SURFACE('',#1809,3.24999999999999);
#19=CYLINDRICAL_SURFACE('',#1814,3.24999999999999);
#20=CYLINDRICAL_SURFACE('',#1851,1.7);
#21=CYLINDRICAL_SURFACE('',#1853,1.7);
#22=CYLINDRICAL_SURFACE('',#1855,1.8);
#23=CYLINDRICAL_SURFACE('',#1858,1.8);
#24=CYLINDRICAL_SURFACE('',#1860,19.5);
#25=CYLINDRICAL_SURFACE('',#1864,1.8);
#26=CYLINDRICAL_SURFACE('',#1866,1.8);
#27=CYLINDRICAL_SURFACE('',#1868,1.8);
#28=CYLINDRICAL_SURFACE('',#1870,1.8);
#29=CYLINDRICAL_SURFACE('',#1873,1.8);
#30=CYLINDRICAL_SURFACE('',#1876,1.8);
#31=CYLINDRICAL_SURFACE('',#1878,19.5);
#32=CYLINDRICAL_SURFACE('',#1880,1.8);
#33=CYLINDRICAL_SURFACE('',#1882,1.8);
#34=CYLINDRICAL_SURFACE('',#1884,1.8);
#35=CYLINDRICAL_SURFACE('',#1886,1.8);
#36=CYLINDRICAL_SURFACE('',#1889,1.7);
#37=CYLINDRICAL_SURFACE('',#1891,1.7);
#38=FACE_BOUND('',#252,.T.);
#39=FACE_BOUND('',#253,.T.);
#40=FACE_BOUND('',#254,.T.);
#41=FACE_BOUND('',#255,.T.);
#42=FACE_BOUND('',#256,.T.);
#43=FACE_BOUND('',#257,.T.);
#44=FACE_BOUND('',#259,.T.);
#45=FACE_BOUND('',#260,.T.);
#46=FACE_BOUND('',#261,.T.);
#47=FACE_BOUND('',#262,.T.);
#48=FACE_BOUND('',#263,.T.);
#49=FACE_BOUND('',#264,.T.);
#50=FACE_BOUND('',#268,.T.);
#51=FACE_BOUND('',#271,.T.);
#52=FACE_BOUND('',#274,.T.);
#53=FACE_BOUND('',#277,.T.);
#54=FACE_BOUND('',#333,.T.);
#55=FACE_BOUND('',#334,.T.);
#56=FACE_BOUND('',#335,.T.);
#57=FACE_BOUND('',#336,.T.);
#58=FACE_BOUND('',#337,.T.);
#59=FACE_BOUND('',#338,.T.);
#60=FACE_BOUND('',#339,.T.);
#61=FACE_BOUND('',#340,.T.);
#62=FACE_BOUND('',#341,.T.);
#63=FACE_BOUND('',#342,.T.);
#64=FACE_BOUND('',#343,.T.);
#65=FACE_BOUND('',#344,.T.);
#66=FACE_BOUND('',#345,.T.);
#67=FACE_BOUND('',#346,.T.);
#68=FACE_BOUND('',#347,.T.);
#69=FACE_BOUND('',#348,.T.);
#70=FACE_BOUND('',#349,.T.);
#71=FACE_BOUND('',#350,.T.);
#72=FACE_BOUND('',#351,.T.);
#73=FACE_BOUND('',#352,.T.);
#74=FACE_BOUND('',#353,.T.);
#75=FACE_BOUND('',#354,.T.);
#76=FACE_BOUND('',#355,.T.);
#77=FACE_BOUND('',#356,.T.);
#78=FACE_BOUND('',#357,.T.);
#79=FACE_BOUND('',#358,.T.);
#80=FACE_BOUND('',#359,.T.);
#81=FACE_BOUND('',#361,.T.);
#82=FACE_BOUND('',#362,.T.);
#83=FACE_BOUND('',#363,.T.);
#84=FACE_BOUND('',#364,.T.);
#85=FACE_BOUND('',#365,.T.);
#86=FACE_BOUND('',#366,.T.);
#87=FACE_BOUND('',#367,.T.);
#88=FACE_BOUND('',#368,.T.);
#89=FACE_BOUND('',#369,.T.);
#90=FACE_BOUND('',#370,.T.);
#91=FACE_BOUND('',#371,.T.);
#92=FACE_BOUND('',#372,.T.);
#93=FACE_BOUND('',#373,.T.);
#94=CIRCLE('',#1766,19.5);
#95=CIRCLE('',#1767,19.5);
#96=CIRCLE('',#1768,19.5);
#97=CIRCLE('',#1770,19.5);
#98=CIRCLE('',#1771,19.5);
#99=CIRCLE('',#1772,19.5);
#100=CIRCLE('',#1781,19.5);
#101=CIRCLE('',#1782,19.5);
#102=CIRCLE('',#1783,19.5);
#103=CIRCLE('',#1784,1.8);
#104=CIRCLE('',#1785,1.8);
#105=CIRCLE('',#1786,1.8);
#106=CIRCLE('',#1787,1.8);
#107=CIRCLE('',#1789,19.5);
#108=CIRCLE('',#1790,19.5);
#109=CIRCLE('',#1791,19.5);
#110=CIRCLE('',#1792,1.8);
#111=CIRCLE('',#1793,1.8);
#112=CIRCLE('',#1794,1.8);
#113=CIRCLE('',#1795,1.8);
#114=CIRCLE('',#1797,19.5);
#115=CIRCLE('',#1798,19.5);
#116=CIRCLE('',#1800,3.24999999999999);
#117=CIRCLE('',#1801,3.24999999999999);
#118=CIRCLE('',#1803,1.7);
#119=CIRCLE('',#1805,3.24999999999999);
#120=CIRCLE('',#1806,3.24999999999999);
#121=CIRCLE('',#1808,1.7);
#122=CIRCLE('',#1810,3.24999999999999);
#123=CIRCLE('',#1811,3.24999999999999);
#124=CIRCLE('',#1813,1.7);
#125=CIRCLE('',#1815,3.24999999999999);
#126=CIRCLE('',#1816,3.24999999999999);
#127=CIRCLE('',#1818,1.7);
#128=CIRCLE('',#1852,1.7);
#129=CIRCLE('',#1854,1.7);
#130=CIRCLE('',#1856,1.8);
#131=CIRCLE('',#1857,1.8);
#132=CIRCLE('',#1859,1.8);
#133=CIRCLE('',#1861,19.5);
#134=CIRCLE('',#1862,19.5);
#135=CIRCLE('',#1863,19.5);
#136=CIRCLE('',#1865,1.8);
#137=CIRCLE('',#1867,1.8);
#138=CIRCLE('',#1869,1.8);
#139=CIRCLE('',#1871,1.8);
#140=CIRCLE('',#1872,1.8);
#141=CIRCLE('',#1874,1.8);
#142=CIRCLE('',#1875,1.8);
#143=CIRCLE('',#1877,1.8);
#144=CIRCLE('',#1879,19.5);
#145=CIRCLE('',#1881,1.8);
#146=CIRCLE('',#1883,1.8);
#147=CIRCLE('',#1885,1.8);
#148=CIRCLE('',#1887,1.8);
#149=CIRCLE('',#1888,1.8);
#150=CIRCLE('',#1890,1.7);
#151=CIRCLE('',#1892,1.7);
#152=FACE_OUTER_BOUND('',#235,.T.);
#153=FACE_OUTER_BOUND('',#236,.T.);
#154=FACE_OUTER_BOUND('',#237,.T.);
#155=FACE_OUTER_BOUND('',#238,.T.);
#156=FACE_OUTER_BOUND('',#239,.T.);
#157=FACE_OUTER_BOUND('',#240,.T.);
#158=FACE_OUTER_BOUND('',#241,.T.);
#159=FACE_OUTER_BOUND('',#242,.T.);
#160=FACE_OUTER_BOUND('',#243,.T.);
#161=FACE_OUTER_BOUND('',#244,.T.);
#162=FACE_OUTER_BOUND('',#245,.T.);
#163=FACE_OUTER_BOUND('',#246,.T.);
#164=FACE_OUTER_BOUND('',#247,.T.);
#165=FACE_OUTER_BOUND('',#248,.T.);
#166=FACE_OUTER_BOUND('',#249,.T.);
#167=FACE_OUTER_BOUND('',#250,.T.);
#168=FACE_OUTER_BOUND('',#251,.T.);
#169=FACE_OUTER_BOUND('',#258,.T.);
#170=FACE_OUTER_BOUND('',#265,.T.);
#171=FACE_OUTER_BOUND('',#266,.T.);
#172=FACE_OUTER_BOUND('',#267,.T.);
#173=FACE_OUTER_BOUND('',#269,.T.);
#174=FACE_OUTER_BOUND('',#270,.T.);
#175=FACE_OUTER_BOUND('',#272,.T.);
#176=FACE_OUTER_BOUND('',#273,.T.);
#177=FACE_OUTER_BOUND('',#275,.T.);
#178=FACE_OUTER_BOUND('',#276,.T.);
#179=FACE_OUTER_BOUND('',#278,.T.);
#180=FACE_OUTER_BOUND('',#279,.T.);
#181=FACE_OUTER_BOUND('',#280,.T.);
#182=FACE_OUTER_BOUND('',#281,.T.);
#183=FACE_OUTER_BOUND('',#282,.T.);
#184=FACE_OUTER_BOUND('',#283,.T.);
#185=FACE_OUTER_BOUND('',#284,.T.);
#186=FACE_OUTER_BOUND('',#285,.T.);
#187=FACE_OUTER_BOUND('',#286,.T.);
#188=FACE_OUTER_BOUND('',#287,.T.);
#189=FACE_OUTER_BOUND('',#288,.T.);
#190=FACE_OUTER_BOUND('',#289,.T.);
#191=FACE_OUTER_BOUND('',#290,.T.);
#192=FACE_OUTER_BOUND('',#291,.T.);
#193=FACE_OUTER_BOUND('',#292,.T.);
#194=FACE_OUTER_BOUND('',#293,.T.);
#195=FACE_OUTER_BOUND('',#294,.T.);
#196=FACE_OUTER_BOUND('',#295,.T.);
#197=FACE_OUTER_BOUND('',#296,.T.);
#198=FACE_OUTER_BOUND('',#297,.T.);
#199=FACE_OUTER_BOUND('',#298,.T.);
#200=FACE_OUTER_BOUND('',#299,.T.);
#201=FACE_OUTER_BOUND('',#300,.T.);
#202=FACE_OUTER_BOUND('',#301,.T.);
#203=FACE_OUTER_BOUND('',#302,.T.);
#204=FACE_OUTER_BOUND('',#303,.T.);
#205=FACE_OUTER_BOUND('',#304,.T.);
#206=FACE_OUTER_BOUND('',#305,.T.);
#207=FACE_OUTER_BOUND('',#306,.T.);
#208=FACE_OUTER_BOUND('',#307,.T.);
#209=FACE_OUTER_BOUND('',#308,.T.);
#210=FACE_OUTER_BOUND('',#309,.T.);
#211=FACE_OUTER_BOUND('',#310,.T.);
#212=FACE_OUTER_BOUND('',#311,.T.);
#213=FACE_OUTER_BOUND('',#312,.T.);
#214=FACE_OUTER_BOUND('',#313,.T.);
#215=FACE_OUTER_BOUND('',#314,.T.);
#216=FACE_OUTER_BOUND('',#315,.T.);
#217=FACE_OUTER_BOUND('',#316,.T.);
#218=FACE_OUTER_BOUND('',#317,.T.);
#219=FACE_OUTER_BOUND('',#318,.T.);
#220=FACE_OUTER_BOUND('',#319,.T.);
#221=FACE_OUTER_BOUND('',#320,.T.);
#222=FACE_OUTER_BOUND('',#321,.T.);
#223=FACE_OUTER_BOUND('',#322,.T.);
#224=FACE_OUTER_BOUND('',#323,.T.);
#225=FACE_OUTER_BOUND('',#324,.T.);
#226=FACE_OUTER_BOUND('',#325,.T.);
#227=FACE_OUTER_BOUND('',#326,.T.);
#228=FACE_OUTER_BOUND('',#327,.T.);
#229=FACE_OUTER_BOUND('',#328,.T.);
#230=FACE_OUTER_BOUND('',#329,.T.);
#231=FACE_OUTER_BOUND('',#330,.T.);
#232=FACE_OUTER_BOUND('',#331,.T.);
#233=FACE_OUTER_BOUND('',#332,.T.);
#234=FACE_OUTER_BOUND('',#360,.T.);
#235=EDGE_LOOP('',(#1127,#1128,#1129,#1130));
#236=EDGE_LOOP('',(#1131,#1132,#1133,#1134));
#237=EDGE_LOOP('',(#1135,#1136,#1137,#1138));
#238=EDGE_LOOP('',(#1139,#1140,#1141,#1142));
#239=EDGE_LOOP('',(#1143,#1144,#1145,#1146));
#240=EDGE_LOOP('',(#1147,#1148,#1149,#1150));
#241=EDGE_LOOP('',(#1151,#1152,#1153,#1154));
#242=EDGE_LOOP('',(#1155,#1156,#1157,#1158,#1159,#1160,#1161,#1162,#1163,
#1164));
#243=EDGE_LOOP('',(#1165,#1166,#1167,#1168,#1169,#1170,#1171,#1172,#1173,
#1174));
#244=EDGE_LOOP('',(#1175,#1176,#1177,#1178));
#245=EDGE_LOOP('',(#1179,#1180,#1181,#1182));
#246=EDGE_LOOP('',(#1183,#1184,#1185,#1186));
#247=EDGE_LOOP('',(#1187,#1188,#1189,#1190));
#248=EDGE_LOOP('',(#1191,#1192,#1193,#1194));
#249=EDGE_LOOP('',(#1195,#1196,#1197,#1198));
#250=EDGE_LOOP('',(#1199,#1200,#1201,#1202));
#251=EDGE_LOOP('',(#1203,#1204,#1205,#1206,#1207));
#252=EDGE_LOOP('',(#1208,#1209,#1210,#1211));
#253=EDGE_LOOP('',(#1212,#1213,#1214,#1215));
#254=EDGE_LOOP('',(#1216));
#255=EDGE_LOOP('',(#1217));
#256=EDGE_LOOP('',(#1218));
#257=EDGE_LOOP('',(#1219));
#258=EDGE_LOOP('',(#1220,#1221,#1222,#1223,#1224));
#259=EDGE_LOOP('',(#1225,#1226,#1227,#1228));
#260=EDGE_LOOP('',(#1229,#1230,#1231,#1232));
#261=EDGE_LOOP('',(#1233));
#262=EDGE_LOOP('',(#1234));
#263=EDGE_LOOP('',(#1235));
#264=EDGE_LOOP('',(#1236));
#265=EDGE_LOOP('',(#1237,#1238,#1239,#1240,#1241,#1242,#1243,#1244,#1245,
#1246,#1247,#1248));
#266=EDGE_LOOP('',(#1249,#1250,#1251,#1252));
#267=EDGE_LOOP('',(#1253));
#268=EDGE_LOOP('',(#1254));
#269=EDGE_LOOP('',(#1255,#1256,#1257,#1258));
#270=EDGE_LOOP('',(#1259));
#271=EDGE_LOOP('',(#1260));
#272=EDGE_LOOP('',(#1261,#1262,#1263,#1264));
#273=EDGE_LOOP('',(#1265));
#274=EDGE_LOOP('',(#1266));
#275=EDGE_LOOP('',(#1267,#1268,#1269,#1270));
#276=EDGE_LOOP('',(#1271));
#277=EDGE_LOOP('',(#1272));
#278=EDGE_LOOP('',(#1273,#1274,#1275,#1276));
#279=EDGE_LOOP('',(#1277,#1278,#1279,#1280));
#280=EDGE_LOOP('',(#1281,#1282,#1283,#1284));
#281=EDGE_LOOP('',(#1285,#1286,#1287,#1288));
#282=EDGE_LOOP('',(#1289,#1290,#1291,#1292));
#283=EDGE_LOOP('',(#1293,#1294,#1295,#1296));
#284=EDGE_LOOP('',(#1297,#1298,#1299,#1300));
#285=EDGE_LOOP('',(#1301,#1302,#1303,#1304));
#286=EDGE_LOOP('',(#1305,#1306,#1307,#1308));
#287=EDGE_LOOP('',(#1309,#1310,#1311,#1312));
#288=EDGE_LOOP('',(#1313,#1314,#1315,#1316));
#289=EDGE_LOOP('',(#1317,#1318,#1319,#1320));
#290=EDGE_LOOP('',(#1321,#1322,#1323,#1324));
#291=EDGE_LOOP('',(#1325,#1326,#1327,#1328));
#292=EDGE_LOOP('',(#1329,#1330,#1331,#1332));
#293=EDGE_LOOP('',(#1333,#1334,#1335,#1336));
#294=EDGE_LOOP('',(#1337,#1338,#1339,#1340));
#295=EDGE_LOOP('',(#1341,#1342,#1343,#1344));
#296=EDGE_LOOP('',(#1345,#1346,#1347,#1348));
#297=EDGE_LOOP('',(#1349,#1350,#1351,#1352));
#298=EDGE_LOOP('',(#1353,#1354,#1355,#1356));
#299=EDGE_LOOP('',(#1357,#1358,#1359,#1360));
#300=EDGE_LOOP('',(#1361,#1362,#1363,#1364));
#301=EDGE_LOOP('',(#1365,#1366,#1367,#1368));
#302=EDGE_LOOP('',(#1369,#1370,#1371,#1372));
#303=EDGE_LOOP('',(#1373,#1374,#1375,#1376));
#304=EDGE_LOOP('',(#1377,#1378,#1379,#1380));
#305=EDGE_LOOP('',(#1381,#1382,#1383,#1384));
#306=EDGE_LOOP('',(#1385,#1386,#1387,#1388));
#307=EDGE_LOOP('',(#1389,#1390,#1391,#1392));
#308=EDGE_LOOP('',(#1393,#1394,#1395,#1396));
#309=EDGE_LOOP('',(#1397,#1398,#1399,#1400));
#310=EDGE_LOOP('',(#1401,#1402,#1403,#1404));
#311=EDGE_LOOP('',(#1405,#1406,#1407,#1408));
#312=EDGE_LOOP('',(#1409,#1410,#1411,#1412));
#313=EDGE_LOOP('',(#1413,#1414,#1415,#1416));
#314=EDGE_LOOP('',(#1417,#1418,#1419,#1420,#1421,#1422,#1423,#1424,#1425,
#1426,#1427,#1428));
#315=EDGE_LOOP('',(#1429,#1430,#1431,#1432));
#316=EDGE_LOOP('',(#1433,#1434,#1435,#1436));
#317=EDGE_LOOP('',(#1437,#1438,#1439,#1440));
#318=EDGE_LOOP('',(#1441,#1442,#1443,#1444));
#319=EDGE_LOOP('',(#1445,#1446,#1447,#1448));
#320=EDGE_LOOP('',(#1449,#1450,#1451,#1452));
#321=EDGE_LOOP('',(#1453,#1454,#1455,#1456,#1457,#1458,#1459,#1460,#1461,
#1462,#1463,#1464));
#322=EDGE_LOOP('',(#1465,#1466,#1467,#1468));
#323=EDGE_LOOP('',(#1469,#1470,#1471,#1472));
#324=EDGE_LOOP('',(#1473,#1474,#1475,#1476));
#325=EDGE_LOOP('',(#1477,#1478,#1479,#1480));
#326=EDGE_LOOP('',(#1481,#1482,#1483,#1484));
#327=EDGE_LOOP('',(#1485,#1486,#1487,#1488));
#328=EDGE_LOOP('',(#1489,#1490,#1491,#1492));
#329=EDGE_LOOP('',(#1493,#1494,#1495,#1496));
#330=EDGE_LOOP('',(#1497,#1498,#1499,#1500));
#331=EDGE_LOOP('',(#1501,#1502,#1503,#1504));
#332=EDGE_LOOP('',(#1505,#1506,#1507,#1508));
#333=EDGE_LOOP('',(#1509,#1510,#1511,#1512));
#334=EDGE_LOOP('',(#1513,#1514,#1515,#1516));
#335=EDGE_LOOP('',(#1517,#1518,#1519,#1520));
#336=EDGE_LOOP('',(#1521,#1522,#1523,#1524));
#337=EDGE_LOOP('',(#1525,#1526,#1527,#1528));
#338=EDGE_LOOP('',(#1529,#1530,#1531,#1532));
#339=EDGE_LOOP('',(#1533,#1534,#1535,#1536));
#340=EDGE_LOOP('',(#1537,#1538,#1539,#1540));
#341=EDGE_LOOP('',(#1541));
#342=EDGE_LOOP('',(#1542));
#343=EDGE_LOOP('',(#1543));
#344=EDGE_LOOP('',(#1544));
#345=EDGE_LOOP('',(#1545));
#346=EDGE_LOOP('',(#1546));
#347=EDGE_LOOP('',(#1547));
#348=EDGE_LOOP('',(#1548));
#349=EDGE_LOOP('',(#1549));
#350=EDGE_LOOP('',(#1550));
#351=EDGE_LOOP('',(#1551));
#352=EDGE_LOOP('',(#1552));
#353=EDGE_LOOP('',(#1553));
#354=EDGE_LOOP('',(#1554));
#355=EDGE_LOOP('',(#1555));
#356=EDGE_LOOP('',(#1556));
#357=EDGE_LOOP('',(#1557));
#358=EDGE_LOOP('',(#1558));
#359=EDGE_LOOP('',(#1559));
#360=EDGE_LOOP('',(#1560,#1561,#1562,#1563));
#361=EDGE_LOOP('',(#1564,#1565,#1566,#1567));
#362=EDGE_LOOP('',(#1568,#1569,#1570,#1571));
#363=EDGE_LOOP('',(#1572,#1573,#1574,#1575));
#364=EDGE_LOOP('',(#1576,#1577,#1578,#1579));
#365=EDGE_LOOP('',(#1580));
#366=EDGE_LOOP('',(#1581));
#367=EDGE_LOOP('',(#1582));
#368=EDGE_LOOP('',(#1583));
#369=EDGE_LOOP('',(#1584));
#370=EDGE_LOOP('',(#1585));
#371=EDGE_LOOP('',(#1586));
#372=EDGE_LOOP('',(#1587));
#373=EDGE_LOOP('',(#1588,#1589,#1590,#1591,#1592,#1593,#1594,#1595,#1596,
#1597,#1598,#1599,#1600));
#374=LINE('',#2366,#553);
#375=LINE('',#2368,#554);
#376=LINE('',#2370,#555);
#377=LINE('',#2371,#556);
#378=LINE('',#2375,#557);
#379=LINE('',#2377,#558);
#380=LINE('',#2379,#559);
#381=LINE('',#2380,#560);
#382=LINE('',#2384,#561);
#383=LINE('',#2386,#562);
#384=LINE('',#2388,#563);
#385=LINE('',#2389,#564);
#386=LINE('',#2393,#565);
#387=LINE('',#2395,#566);
#388=LINE('',#2397,#567);
#389=LINE('',#2398,#568);
#390=LINE('',#2401,#569);
#391=LINE('',#2403,#570);
#392=LINE('',#2404,#571);
#393=LINE('',#2407,#572);
#394=LINE('',#2409,#573);
#395=LINE('',#2410,#574);
#396=LINE('',#2412,#575);
#397=LINE('',#2413,#576);
#398=LINE('',#2423,#577);
#399=LINE('',#2425,#578);
#400=LINE('',#2427,#579);
#401=LINE('',#2429,#580);
#402=LINE('',#2431,#581);
#403=LINE('',#2435,#582);
#404=LINE('',#2438,#583);
#405=LINE('',#2441,#584);
#406=LINE('',#2443,#585);
#407=LINE('',#2444,#586);
#408=LINE('',#2447,#587);
#409=LINE('',#2449,#588);
#410=LINE('',#2450,#589);
#411=LINE('',#2453,#590);
#412=LINE('',#2455,#591);
#413=LINE('',#2456,#592);
#414=LINE('',#2460,#593);
#415=LINE('',#2461,#594);
#416=LINE('',#2462,#595);
#417=LINE('',#2464,#596);
#418=LINE('',#2467,#597);
#419=LINE('',#2469,#598);
#420=LINE('',#2470,#599);
#421=LINE('',#2472,#600);
#422=LINE('',#2480,#601);
#423=LINE('',#2482,#602);
#424=LINE('',#2484,#603);
#425=LINE('',#2485,#604);
#426=LINE('',#2488,#605);
#427=LINE('',#2490,#606);
#428=LINE('',#2492,#607);
#429=LINE('',#2493,#608);
#430=LINE('',#2509,#609);
#431=LINE('',#2511,#610);
#432=LINE('',#2513,#611);
#433=LINE('',#2514,#612);
#434=LINE('',#2517,#613);
#435=LINE('',#2519,#614);
#436=LINE('',#2521,#615);
#437=LINE('',#2522,#616);
#438=LINE('',#2533,#617);
#439=LINE('',#2540,#618);
#440=LINE('',#2549,#619);
#441=LINE('',#2558,#620);
#442=LINE('',#2567,#621);
#443=LINE('',#2575,#622);
#444=LINE('',#2577,#623);
#445=LINE('',#2579,#624);
#446=LINE('',#2580,#625);
#447=LINE('',#2583,#626);
#448=LINE('',#2585,#627);
#449=LINE('',#2586,#628);
#450=LINE('',#2589,#629);
#451=LINE('',#2591,#630);
#452=LINE('',#2592,#631);
#453=LINE('',#2594,#632);
#454=LINE('',#2595,#633);
#455=LINE('',#2598,#634);
#456=LINE('',#2600,#635);
#457=LINE('',#2601,#636);
#458=LINE('',#2604,#637);
#459=LINE('',#2605,#638);
#460=LINE('',#2608,#639);
#461=LINE('',#2609,#640);
#462=LINE('',#2611,#641);
#463=LINE('',#2614,#642);
#464=LINE('',#2616,#643);
#465=LINE('',#2617,#644);
#466=LINE('',#2620,#645);
#467=LINE('',#2621,#646);
#468=LINE('',#2624,#647);
#469=LINE('',#2625,#648);
#470=LINE('',#2627,#649);
#471=LINE('',#2631,#650);
#472=LINE('',#2633,#651);
#473=LINE('',#2635,#652);
#474=LINE('',#2636,#653);
#475=LINE('',#2639,#654);
#476=LINE('',#2641,#655);
#477=LINE('',#2642,#656);
#478=LINE('',#2645,#657);
#479=LINE('',#2647,#658);
#480=LINE('',#2648,#659);
#481=LINE('',#2650,#660);
#482=LINE('',#2651,#661);
#483=LINE('',#2654,#662);
#484=LINE('',#2656,#663);
#485=LINE('',#2657,#664);
#486=LINE('',#2660,#665);
#487=LINE('',#2661,#666);
#488=LINE('',#2664,#667);
#489=LINE('',#2665,#668);
#490=LINE('',#2667,#669);
#491=LINE('',#2671,#670);
#492=LINE('',#2673,#671);
#493=LINE('',#2675,#672);
#494=LINE('',#2676,#673);
#495=LINE('',#2679,#674);
#496=LINE('',#2681,#675);
#497=LINE('',#2682,#676);
#498=LINE('',#2685,#677);
#499=LINE('',#2687,#678);
#500=LINE('',#2688,#679);
#501=LINE('',#2690,#680);
#502=LINE('',#2691,#681);
#503=LINE('',#2694,#682);
#504=LINE('',#2696,#683);
#505=LINE('',#2697,#684);
#506=LINE('',#2700,#685);
#507=LINE('',#2701,#686);
#508=LINE('',#2704,#687);
#509=LINE('',#2705,#688);
#510=LINE('',#2707,#689);
#511=LINE('',#2711,#690);
#512=LINE('',#2713,#691);
#513=LINE('',#2715,#692);
#514=LINE('',#2716,#693);
#515=LINE('',#2719,#694);
#516=LINE('',#2721,#695);
#517=LINE('',#2722,#696);
#518=LINE('',#2725,#697);
#519=LINE('',#2727,#698);
#520=LINE('',#2728,#699);
#521=LINE('',#2730,#700);
#522=LINE('',#2731,#701);
#523=LINE('',#2735,#702);
#524=LINE('',#2739,#703);
#525=LINE('',#2744,#704);
#526=LINE('',#2748,#705);
#527=LINE('',#2754,#706);
#528=LINE('',#2759,#707);
#529=LINE('',#2763,#708);
#530=LINE('',#2767,#709);
#531=LINE('',#2773,#710);
#532=LINE('',#2779,#711);
#533=LINE('',#2783,#712);
#534=LINE('',#2787,#713);
#535=LINE('',#2791,#714);
#536=LINE('',#2795,#715);
#537=LINE('',#2799,#716);
#538=LINE('',#2805,#717);
#539=LINE('',#2810,#718);
#540=LINE('',#2814,#719);
#541=LINE('',#2818,#720);
#542=LINE('',#2820,#721);
#543=LINE('',#2822,#722);
#544=LINE('',#2823,#723);
#545=LINE('',#2826,#724);
#546=LINE('',#2828,#725);
#547=LINE('',#2829,#726);
#548=LINE('',#2832,#727);
#549=LINE('',#2834,#728);
#550=LINE('',#2835,#729);
#551=LINE('',#2837,#730);
#552=LINE('',#2838,#731);
#553=VECTOR('',#1903,10.);
#554=VECTOR('',#1904,10.);
#555=VECTOR('',#1905,10.);
#556=VECTOR('',#1906,10.);
#557=VECTOR('',#1909,10.);
#558=VECTOR('',#1910,10.);
#559=VECTOR('',#1911,10.);
#560=VECTOR('',#1912,10.);
#561=VECTOR('',#1915,10.);
#562=VECTOR('',#1916,10.);
#563=VECTOR('',#1917,10.);
#564=VECTOR('',#1918,10.);
#565=VECTOR('',#1921,10.);
#566=VECTOR('',#1922,10.);
#567=VECTOR('',#1923,10.);
#568=VECTOR('',#1924,10.);
#569=VECTOR('',#1927,10.);
#570=VECTOR('',#1928,10.);
#571=VECTOR('',#1929,10.);
#572=VECTOR('',#1932,10.);
#573=VECTOR('',#1933,10.);
#574=VECTOR('',#1934,10.);
#575=VECTOR('',#1937,10.);
#576=VECTOR('',#1938,10.);
#577=VECTOR('',#1951,10.);
#578=VECTOR('',#1952,10.);
#579=VECTOR('',#1953,10.);
#580=VECTOR('',#1954,10.);
#581=VECTOR('',#1955,10.);
#582=VECTOR('',#1958,10.);
#583=VECTOR('',#1961,10.);
#584=VECTOR('',#1964,10.);
#585=VECTOR('',#1965,10.);
#586=VECTOR('',#1966,10.);
#587=VECTOR('',#1969,10.);
#588=VECTOR('',#1970,10.);
#589=VECTOR('',#1971,10.);
#590=VECTOR('',#1974,10.);
#591=VECTOR('',#1975,10.);
#592=VECTOR('',#1976,10.);
#593=VECTOR('',#1979,10.);
#594=VECTOR('',#1980,10.);
#595=VECTOR('',#1981,10.);
#596=VECTOR('',#1984,10.);
#597=VECTOR('',#1987,10.);
#598=VECTOR('',#1988,10.);
#599=VECTOR('',#1989,10.);
#600=VECTOR('',#1992,10.);
#601=VECTOR('',#2001,10.);
#602=VECTOR('',#2002,10.);
#603=VECTOR('',#2003,10.);
#604=VECTOR('',#2004,10.);
#605=VECTOR('',#2005,10.);
#606=VECTOR('',#2006,10.);
#607=VECTOR('',#2007,10.);
#608=VECTOR('',#2008,10.);
#609=VECTOR('',#2025,10.);
#610=VECTOR('',#2026,10.);
#611=VECTOR('',#2027,10.);
#612=VECTOR('',#2028,10.);
#613=VECTOR('',#2029,10.);
#614=VECTOR('',#2030,10.);
#615=VECTOR('',#2031,10.);
#616=VECTOR('',#2032,10.);
#617=VECTOR('',#2043,19.5);
#618=VECTOR('',#2052,3.24999999999999);
#619=VECTOR('',#2063,3.24999999999999);
#620=VECTOR('',#2074,3.24999999999999);
#621=VECTOR('',#2085,3.24999999999999);
#622=VECTOR('',#2094,10.);
#623=VECTOR('',#2095,10.);
#624=VECTOR('',#2096,10.);
#625=VECTOR('',#2097,10.);
#626=VECTOR('',#2100,10.);
#627=VECTOR('',#2101,10.);
#628=VECTOR('',#2102,10.);
#629=VECTOR('',#2105,10.);
#630=VECTOR('',#2106,10.);
#631=VECTOR('',#2107,10.);
#632=VECTOR('',#2110,10.);
#633=VECTOR('',#2111,10.);
#634=VECTOR('',#2114,10.);
#635=VECTOR('',#2115,10.);
#636=VECTOR('',#2116,10.);
#637=VECTOR('',#2119,10.);
#638=VECTOR('',#2120,10.);
#639=VECTOR('',#2123,10.);
#640=VECTOR('',#2124,10.);
#641=VECTOR('',#2127,10.);
#642=VECTOR('',#2130,10.);
#643=VECTOR('',#2131,10.);
#644=VECTOR('',#2132,10.);
#645=VECTOR('',#2135,10.);
#646=VECTOR('',#2136,10.);
#647=VECTOR('',#2139,10.);
#648=VECTOR('',#2140,10.);
#649=VECTOR('',#2143,10.);
#650=VECTOR('',#2146,10.);
#651=VECTOR('',#2147,10.);
#652=VECTOR('',#2148,10.);
#653=VECTOR('',#2149,10.);
#654=VECTOR('',#2152,10.);
#655=VECTOR('',#2153,10.);
#656=VECTOR('',#2154,10.);
#657=VECTOR('',#2157,10.);
#658=VECTOR('',#2158,10.);
#659=VECTOR('',#2159,10.);
#660=VECTOR('',#2162,10.);
#661=VECTOR('',#2163,10.);
#662=VECTOR('',#2166,10.);
#663=VECTOR('',#2167,10.);
#664=VECTOR('',#2168,10.);
#665=VECTOR('',#2171,10.);
#666=VECTOR('',#2172,10.);
#667=VECTOR('',#2175,10.);
#668=VECTOR('',#2176,10.);
#669=VECTOR('',#2179,10.);
#670=VECTOR('',#2182,10.);
#671=VECTOR('',#2183,10.);
#672=VECTOR('',#2184,10.);
#673=VECTOR('',#2185,10.);
#674=VECTOR('',#2188,10.);
#675=VECTOR('',#2189,10.);
#676=VECTOR('',#2190,10.);
#677=VECTOR('',#2193,10.);
#678=VECTOR('',#2194,10.);
#679=VECTOR('',#2195,10.);
#680=VECTOR('',#2198,10.);
#681=VECTOR('',#2199,10.);
#682=VECTOR('',#2202,10.);
#683=VECTOR('',#2203,10.);
#684=VECTOR('',#2204,10.);
#685=VECTOR('',#2207,10.);
#686=VECTOR('',#2208,10.);
#687=VECTOR('',#2211,10.);
#688=VECTOR('',#2212,10.);
#689=VECTOR('',#2215,10.);
#690=VECTOR('',#2218,10.);
#691=VECTOR('',#2219,10.);
#692=VECTOR('',#2220,10.);
#693=VECTOR('',#2221,10.);
#694=VECTOR('',#2224,10.);
#695=VECTOR('',#2225,10.);
#696=VECTOR('',#2226,10.);
#697=VECTOR('',#2229,10.);
#698=VECTOR('',#2230,10.);
#699=VECTOR('',#2231,10.);
#700=VECTOR('',#2234,10.);
#701=VECTOR('',#2235,10.);
#702=VECTOR('',#2240,1.7);
#703=VECTOR('',#2245,1.7);
#704=VECTOR('',#2250,1.8);
#705=VECTOR('',#2255,1.8);
#706=VECTOR('',#2262,19.5);
#707=VECTOR('',#2269,1.8);
#708=VECTOR('',#2274,1.8);
#709=VECTOR('',#2279,1.8);
#710=VECTOR('',#2286,1.8);
#711=VECTOR('',#2293,1.8);
#712=VECTOR('',#2298,1.8);
#713=VECTOR('',#2303,19.5);
#714=VECTOR('',#2308,1.8);
#715=VECTOR('',#2313,1.8);
#716=VECTOR('',#2318,1.8);
#717=VECTOR('',#2325,1.8);
#718=VECTOR('',#2332,1.7);
#719=VECTOR('',#2337,1.7);
#720=VECTOR('',#2340,10.);
#721=VECTOR('',#2341,10.);
#722=VECTOR('',#2342,10.);
#723=VECTOR('',#2343,10.);
#724=VECTOR('',#2346,10.);
#725=VECTOR('',#2347,10.);
#726=VECTOR('',#2348,10.);
#727=VECTOR('',#2351,10.);
#728=VECTOR('',#2352,10.);
#729=VECTOR('',#2353,10.);
#730=VECTOR('',#2356,10.);
#731=VECTOR('',#2357,10.);
#732=VERTEX_POINT('',#2364);
#733=VERTEX_POINT('',#2365);
#734=VERTEX_POINT('',#2367);
#735=VERTEX_POINT('',#2369);
#736=VERTEX_POINT('',#2373);
#737=VERTEX_POINT('',#2374);
#738=VERTEX_POINT('',#2376);
#739=VERTEX_POINT('',#2378);
#740=VERTEX_POINT('',#2382);
#741=VERTEX_POINT('',#2383);
#742=VERTEX_POINT('',#2385);
#743=VERTEX_POINT('',#2387);
#744=VERTEX_POINT('',#2391);
#745=VERTEX_POINT('',#2392);
#746=VERTEX_POINT('',#2394);
#747=VERTEX_POINT('',#2396);
#748=VERTEX_POINT('',#2400);
#749=VERTEX_POINT('',#2402);
#750=VERTEX_POINT('',#2406);
#751=VERTEX_POINT('',#2408);
#752=VERTEX_POINT('',#2419);
#753=VERTEX_POINT('',#2420);
#754=VERTEX_POINT('',#2422);
#755=VERTEX_POINT('',#2424);
#756=VERTEX_POINT('',#2426);
#757=VERTEX_POINT('',#2428);
#758=VERTEX_POINT('',#2430);
#759=VERTEX_POINT('',#2432);
#760=VERTEX_POINT('',#2434);
#761=VERTEX_POINT('',#2436);
#762=VERTEX_POINT('',#2440);
#763=VERTEX_POINT('',#2442);
#764=VERTEX_POINT('',#2446);
#765=VERTEX_POINT('',#2448);
#766=VERTEX_POINT('',#2452);
#767=VERTEX_POINT('',#2454);
#768=VERTEX_POINT('',#2458);
#769=VERTEX_POINT('',#2459);
#770=VERTEX_POINT('',#2466);
#771=VERTEX_POINT('',#2468);
#772=VERTEX_POINT('',#2475);
#773=VERTEX_POINT('',#2478);
#774=VERTEX_POINT('',#2479);
#775=VERTEX_POINT('',#2481);
#776=VERTEX_POINT('',#2483);
#777=VERTEX_POINT('',#2486);
#778=VERTEX_POINT('',#2487);
#779=VERTEX_POINT('',#2489);
#780=VERTEX_POINT('',#2491);
#781=VERTEX_POINT('',#2494);
#782=VERTEX_POINT('',#2496);
#783=VERTEX_POINT('',#2498);
#784=VERTEX_POINT('',#2500);
#785=VERTEX_POINT('',#2504);
#786=VERTEX_POINT('',#2507);
#787=VERTEX_POINT('',#2508);
#788=VERTEX_POINT('',#2510);
#789=VERTEX_POINT('',#2512);
#790=VERTEX_POINT('',#2515);
#791=VERTEX_POINT('',#2516);
#792=VERTEX_POINT('',#2518);
#793=VERTEX_POINT('',#2520);
#794=VERTEX_POINT('',#2523);
#795=VERTEX_POINT('',#2525);
#796=VERTEX_POINT('',#2527);
#797=VERTEX_POINT('',#2529);
#798=VERTEX_POINT('',#2532);
#799=VERTEX_POINT('',#2537);
#800=VERTEX_POINT('',#2539);
#801=VERTEX_POINT('',#2543);
#802=VERTEX_POINT('',#2546);
#803=VERTEX_POINT('',#2548);
#804=VERTEX_POINT('',#2552);
#805=VERTEX_POINT('',#2555);
#806=VERTEX_POINT('',#2557);
#807=VERTEX_POINT('',#2561);
#808=VERTEX_POINT('',#2564);
#809=VERTEX_POINT('',#2566);
#810=VERTEX_POINT('',#2570);
#811=VERTEX_POINT('',#2573);
#812=VERTEX_POINT('',#2574);
#813=VERTEX_POINT('',#2576);
#814=VERTEX_POINT('',#2578);
#815=VERTEX_POINT('',#2582);
#816=VERTEX_POINT('',#2584);
#817=VERTEX_POINT('',#2588);
#818=VERTEX_POINT('',#2590);
#819=VERTEX_POINT('',#2597);
#820=VERTEX_POINT('',#2599);
#821=VERTEX_POINT('',#2603);
#822=VERTEX_POINT('',#2607);
#823=VERTEX_POINT('',#2613);
#824=VERTEX_POINT('',#2615);
#825=VERTEX_POINT('',#2619);
#826=VERTEX_POINT('',#2623);
#827=VERTEX_POINT('',#2629);
#828=VERTEX_POINT('',#2630);
#829=VERTEX_POINT('',#2632);
#830=VERTEX_POINT('',#2634);
#831=VERTEX_POINT('',#2638);
#832=VERTEX_POINT('',#2640);
#833=VERTEX_POINT('',#2644);
#834=VERTEX_POINT('',#2646);
#835=VERTEX_POINT('',#2653);
#836=VERTEX_POINT('',#2655);
#837=VERTEX_POINT('',#2659);
#838=VERTEX_POINT('',#2663);
#839=VERTEX_POINT('',#2669);
#840=VERTEX_POINT('',#2670);
#841=VERTEX_POINT('',#2672);
#842=VERTEX_POINT('',#2674);
#843=VERTEX_POINT('',#2678);
#844=VERTEX_POINT('',#2680);
#845=VERTEX_POINT('',#2684);
#846=VERTEX_POINT('',#2686);
#847=VERTEX_POINT('',#2693);
#848=VERTEX_POINT('',#2695);
#849=VERTEX_POINT('',#2699);
#850=VERTEX_POINT('',#2703);
#851=VERTEX_POINT('',#2709);
#852=VERTEX_POINT('',#2710);
#853=VERTEX_POINT('',#2712);
#854=VERTEX_POINT('',#2714);
#855=VERTEX_POINT('',#2718);
#856=VERTEX_POINT('',#2720);
#857=VERTEX_POINT('',#2724);
#858=VERTEX_POINT('',#2726);
#859=VERTEX_POINT('',#2733);
#860=VERTEX_POINT('',#2737);
#861=VERTEX_POINT('',#2741);
#862=VERTEX_POINT('',#2743);
#863=VERTEX_POINT('',#2747);
#864=VERTEX_POINT('',#2751);
#865=VERTEX_POINT('',#2753);
#866=VERTEX_POINT('',#2758);
#867=VERTEX_POINT('',#2762);
#868=VERTEX_POINT('',#2766);
#869=VERTEX_POINT('',#2770);
#870=VERTEX_POINT('',#2772);
#871=VERTEX_POINT('',#2776);
#872=VERTEX_POINT('',#2778);
#873=VERTEX_POINT('',#2782);
#874=VERTEX_POINT('',#2786);
#875=VERTEX_POINT('',#2790);
#876=VERTEX_POINT('',#2794);
#877=VERTEX_POINT('',#2798);
#878=VERTEX_POINT('',#2802);
#879=VERTEX_POINT('',#2804);
#880=VERTEX_POINT('',#2808);
#881=VERTEX_POINT('',#2812);
#882=VERTEX_POINT('',#2816);
#883=VERTEX_POINT('',#2817);
#884=VERTEX_POINT('',#2819);
#885=VERTEX_POINT('',#2821);
#886=VERTEX_POINT('',#2825);
#887=VERTEX_POINT('',#2827);
#888=VERTEX_POINT('',#2831);
#889=VERTEX_POINT('',#2833);
#890=EDGE_CURVE('',#732,#733,#374,.T.);
#891=EDGE_CURVE('',#734,#732,#375,.T.);
#892=EDGE_CURVE('',#734,#735,#376,.T.);
#893=EDGE_CURVE('',#735,#733,#377,.T.);
#894=EDGE_CURVE('',#736,#737,#378,.T.);
#895=EDGE_CURVE('',#738,#736,#379,.T.);
#896=EDGE_CURVE('',#739,#738,#380,.T.);
#897=EDGE_CURVE('',#739,#737,#381,.T.);
#898=EDGE_CURVE('',#740,#741,#382,.T.);
#899=EDGE_CURVE('',#742,#740,#383,.T.);
#900=EDGE_CURVE('',#743,#742,#384,.T.);
#901=EDGE_CURVE('',#743,#741,#385,.T.);
#902=EDGE_CURVE('',#744,#745,#386,.T.);
#903=EDGE_CURVE('',#744,#746,#387,.T.);
#904=EDGE_CURVE('',#747,#746,#388,.T.);
#905=EDGE_CURVE('',#745,#747,#389,.T.);
#906=EDGE_CURVE('',#748,#734,#390,.T.);
#907=EDGE_CURVE('',#748,#749,#391,.T.);
#908=EDGE_CURVE('',#749,#735,#392,.T.);
#909=EDGE_CURVE('',#750,#748,#393,.T.);
#910=EDGE_CURVE('',#750,#751,#394,.T.);
#911=EDGE_CURVE('',#751,#749,#395,.T.);
#912=EDGE_CURVE('',#747,#750,#396,.T.);
#913=EDGE_CURVE('',#746,#751,#397,.T.);
#914=EDGE_CURVE('',#741,#744,#94,.T.);
#915=EDGE_CURVE('',#737,#743,#95,.T.);
#916=EDGE_CURVE('',#733,#739,#96,.T.);
#917=EDGE_CURVE('',#752,#753,#97,.T.);
#918=EDGE_CURVE('',#754,#752,#398,.T.);
#919=EDGE_CURVE('',#755,#754,#399,.T.);
#920=EDGE_CURVE('',#756,#755,#400,.T.);
#921=EDGE_CURVE('',#757,#756,#401,.T.);
#922=EDGE_CURVE('',#758,#757,#402,.T.);
#923=EDGE_CURVE('',#759,#758,#98,.T.);
#924=EDGE_CURVE('',#760,#759,#403,.T.);
#925=EDGE_CURVE('',#761,#760,#99,.T.);
#926=EDGE_CURVE('',#753,#761,#404,.T.);
#927=EDGE_CURVE('',#758,#762,#405,.T.);
#928=EDGE_CURVE('',#763,#757,#406,.T.);
#929=EDGE_CURVE('',#762,#763,#407,.T.);
#930=EDGE_CURVE('',#760,#764,#408,.T.);
#931=EDGE_CURVE('',#765,#759,#409,.T.);
#932=EDGE_CURVE('',#764,#765,#410,.T.);
#933=EDGE_CURVE('',#753,#766,#411,.T.);
#934=EDGE_CURVE('',#767,#761,#412,.T.);
#935=EDGE_CURVE('',#766,#767,#413,.T.);
#936=EDGE_CURVE('',#768,#769,#414,.T.);
#937=EDGE_CURVE('',#768,#756,#415,.T.);
#938=EDGE_CURVE('',#769,#755,#416,.T.);
#939=EDGE_CURVE('',#763,#768,#417,.T.);
#940=EDGE_CURVE('',#770,#752,#418,.T.);
#941=EDGE_CURVE('',#771,#770,#419,.T.);
#942=EDGE_CURVE('',#771,#754,#420,.T.);
#943=EDGE_CURVE('',#769,#771,#421,.T.);
#944=EDGE_CURVE('',#736,#764,#100,.T.);
#945=EDGE_CURVE('',#765,#772,#101,.T.);
#946=EDGE_CURVE('',#772,#738,#102,.T.);
#947=EDGE_CURVE('',#773,#774,#422,.T.);
#948=EDGE_CURVE('',#774,#775,#423,.T.);
#949=EDGE_CURVE('',#775,#776,#424,.T.);
#950=EDGE_CURVE('',#776,#773,#425,.T.);
#951=EDGE_CURVE('',#777,#778,#426,.T.);
#952=EDGE_CURVE('',#778,#779,#427,.T.);
#953=EDGE_CURVE('',#779,#780,#428,.T.);
#954=EDGE_CURVE('',#780,#777,#429,.T.);
#955=EDGE_CURVE('',#781,#781,#103,.T.);
#956=EDGE_CURVE('',#782,#782,#104,.T.);
#957=EDGE_CURVE('',#783,#783,#105,.T.);
#958=EDGE_CURVE('',#784,#784,#106,.T.);
#959=EDGE_CURVE('',#740,#766,#107,.T.);
#960=EDGE_CURVE('',#767,#785,#108,.T.);
#961=EDGE_CURVE('',#785,#742,#109,.T.);
#962=EDGE_CURVE('',#786,#787,#430,.T.);
#963=EDGE_CURVE('',#787,#788,#431,.T.);
#964=EDGE_CURVE('',#788,#789,#432,.T.);
#965=EDGE_CURVE('',#789,#786,#433,.T.);
#966=EDGE_CURVE('',#790,#791,#434,.T.);
#967=EDGE_CURVE('',#791,#792,#435,.T.);
#968=EDGE_CURVE('',#792,#793,#436,.T.);
#969=EDGE_CURVE('',#793,#790,#437,.T.);
#970=EDGE_CURVE('',#794,#794,#110,.T.);
#971=EDGE_CURVE('',#795,#795,#111,.T.);
#972=EDGE_CURVE('',#796,#796,#112,.T.);
#973=EDGE_CURVE('',#797,#797,#113,.T.);
#974=EDGE_CURVE('',#772,#798,#438,.T.);
#975=EDGE_CURVE('',#798,#798,#114,.T.);
#976=EDGE_CURVE('',#732,#762,#115,.T.);
#977=EDGE_CURVE('',#799,#799,#116,.T.);
#978=EDGE_CURVE('',#799,#800,#439,.T.);
#979=EDGE_CURVE('',#800,#800,#117,.T.);
#980=EDGE_CURVE('',#801,#801,#118,.T.);
#981=EDGE_CURVE('',#802,#802,#119,.T.);
#982=EDGE_CURVE('',#802,#803,#440,.T.);
#983=EDGE_CURVE('',#803,#803,#120,.T.);
#984=EDGE_CURVE('',#804,#804,#121,.T.);
#985=EDGE_CURVE('',#805,#805,#122,.T.);
#986=EDGE_CURVE('',#805,#806,#441,.T.);
#987=EDGE_CURVE('',#806,#806,#123,.T.);
#988=EDGE_CURVE('',#807,#807,#124,.T.);
#989=EDGE_CURVE('',#808,#808,#125,.T.);
#990=EDGE_CURVE('',#808,#809,#442,.T.);
#991=EDGE_CURVE('',#809,#809,#126,.T.);
#992=EDGE_CURVE('',#810,#810,#127,.T.);
#993=EDGE_CURVE('',#811,#812,#443,.T.);
#994=EDGE_CURVE('',#811,#813,#444,.T.);
#995=EDGE_CURVE('',#814,#813,#445,.T.);
#996=EDGE_CURVE('',#812,#814,#446,.T.);
#997=EDGE_CURVE('',#815,#811,#447,.T.);
#998=EDGE_CURVE('',#815,#816,#448,.T.);
#999=EDGE_CURVE('',#813,#816,#449,.T.);
#1000=EDGE_CURVE('',#817,#815,#450,.T.);
#1001=EDGE_CURVE('',#817,#818,#451,.T.);
#1002=EDGE_CURVE('',#816,#818,#452,.T.);
#1003=EDGE_CURVE('',#812,#817,#453,.T.);
#1004=EDGE_CURVE('',#818,#814,#454,.T.);
#1005=EDGE_CURVE('',#773,#819,#455,.T.);
#1006=EDGE_CURVE('',#820,#819,#456,.T.);
#1007=EDGE_CURVE('',#774,#820,#457,.T.);
#1008=EDGE_CURVE('',#776,#821,#458,.T.);
#1009=EDGE_CURVE('',#819,#821,#459,.T.);
#1010=EDGE_CURVE('',#775,#822,#460,.T.);
#1011=EDGE_CURVE('',#821,#822,#461,.T.);
#1012=EDGE_CURVE('',#822,#820,#462,.T.);
#1013=EDGE_CURVE('',#786,#823,#463,.T.);
#1014=EDGE_CURVE('',#824,#823,#464,.T.);
#1015=EDGE_CURVE('',#787,#824,#465,.T.);
#1016=EDGE_CURVE('',#789,#825,#466,.T.);
#1017=EDGE_CURVE('',#823,#825,#467,.T.);
#1018=EDGE_CURVE('',#788,#826,#468,.T.);
#1019=EDGE_CURVE('',#825,#826,#469,.T.);
#1020=EDGE_CURVE('',#826,#824,#470,.T.);
#1021=EDGE_CURVE('',#827,#828,#471,.T.);
#1022=EDGE_CURVE('',#827,#829,#472,.T.);
#1023=EDGE_CURVE('',#830,#829,#473,.T.);
#1024=EDGE_CURVE('',#828,#830,#474,.T.);
#1025=EDGE_CURVE('',#831,#827,#475,.T.);
#1026=EDGE_CURVE('',#831,#832,#476,.T.);
#1027=EDGE_CURVE('',#829,#832,#477,.T.);
#1028=EDGE_CURVE('',#833,#831,#478,.T.);
#1029=EDGE_CURVE('',#833,#834,#479,.T.);
#1030=EDGE_CURVE('',#832,#834,#480,.T.);
#1031=EDGE_CURVE('',#828,#833,#481,.T.);
#1032=EDGE_CURVE('',#834,#830,#482,.T.);
#1033=EDGE_CURVE('',#790,#835,#483,.T.);
#1034=EDGE_CURVE('',#836,#835,#484,.T.);
#1035=EDGE_CURVE('',#791,#836,#485,.T.);
#1036=EDGE_CURVE('',#793,#837,#486,.T.);
#1037=EDGE_CURVE('',#835,#837,#487,.T.);
#1038=EDGE_CURVE('',#792,#838,#488,.T.);
#1039=EDGE_CURVE('',#837,#838,#489,.T.);
#1040=EDGE_CURVE('',#838,#836,#490,.T.);
#1041=EDGE_CURVE('',#839,#840,#491,.T.);
#1042=EDGE_CURVE('',#839,#841,#492,.T.);
#1043=EDGE_CURVE('',#842,#841,#493,.T.);
#1044=EDGE_CURVE('',#840,#842,#494,.T.);
#1045=EDGE_CURVE('',#843,#839,#495,.T.);
#1046=EDGE_CURVE('',#843,#844,#496,.T.);
#1047=EDGE_CURVE('',#841,#844,#497,.T.);
#1048=EDGE_CURVE('',#845,#843,#498,.T.);
#1049=EDGE_CURVE('',#845,#846,#499,.T.);
#1050=EDGE_CURVE('',#844,#846,#500,.T.);
#1051=EDGE_CURVE('',#840,#845,#501,.T.);
#1052=EDGE_CURVE('',#846,#842,#502,.T.);
#1053=EDGE_CURVE('',#777,#847,#503,.T.);
#1054=EDGE_CURVE('',#848,#847,#504,.T.);
#1055=EDGE_CURVE('',#778,#848,#505,.T.);
#1056=EDGE_CURVE('',#780,#849,#506,.T.);
#1057=EDGE_CURVE('',#847,#849,#507,.T.);
#1058=EDGE_CURVE('',#779,#850,#508,.T.);
#1059=EDGE_CURVE('',#849,#850,#509,.T.);
#1060=EDGE_CURVE('',#850,#848,#510,.T.);
#1061=EDGE_CURVE('',#851,#852,#511,.T.);
#1062=EDGE_CURVE('',#851,#853,#512,.T.);
#1063=EDGE_CURVE('',#854,#853,#513,.T.);
#1064=EDGE_CURVE('',#852,#854,#514,.T.);
#1065=EDGE_CURVE('',#855,#851,#515,.T.);
#1066=EDGE_CURVE('',#855,#856,#516,.T.);
#1067=EDGE_CURVE('',#853,#856,#517,.T.);
#1068=EDGE_CURVE('',#857,#855,#518,.T.);
#1069=EDGE_CURVE('',#857,#858,#519,.T.);
#1070=EDGE_CURVE('',#856,#858,#520,.T.);
#1071=EDGE_CURVE('',#852,#857,#521,.T.);
#1072=EDGE_CURVE('',#858,#854,#522,.T.);
#1073=EDGE_CURVE('',#859,#859,#128,.T.);
#1074=EDGE_CURVE('',#859,#801,#523,.T.);
#1075=EDGE_CURVE('',#860,#860,#129,.T.);
#1076=EDGE_CURVE('',#860,#807,#524,.T.);
#1077=EDGE_CURVE('',#861,#861,#130,.T.);
#1078=EDGE_CURVE('',#861,#862,#525,.T.);
#1079=EDGE_CURVE('',#862,#862,#131,.T.);
#1080=EDGE_CURVE('',#784,#863,#526,.T.);
#1081=EDGE_CURVE('',#863,#863,#132,.T.);
#1082=EDGE_CURVE('',#864,#745,#133,.T.);
#1083=EDGE_CURVE('',#864,#865,#527,.T.);
#1084=EDGE_CURVE('',#865,#865,#134,.T.);
#1085=EDGE_CURVE('',#770,#864,#135,.T.);
#1086=EDGE_CURVE('',#783,#866,#528,.T.);
#1087=EDGE_CURVE('',#866,#866,#136,.T.);
#1088=EDGE_CURVE('',#797,#867,#529,.T.);
#1089=EDGE_CURVE('',#867,#867,#137,.T.);
#1090=EDGE_CURVE('',#796,#868,#530,.T.);
#1091=EDGE_CURVE('',#868,#868,#138,.T.);
#1092=EDGE_CURVE('',#869,#869,#139,.T.);
#1093=EDGE_CURVE('',#869,#870,#531,.T.);
#1094=EDGE_CURVE('',#870,#870,#140,.T.);
#1095=EDGE_CURVE('',#871,#871,#141,.T.);
#1096=EDGE_CURVE('',#871,#872,#532,.T.);
#1097=EDGE_CURVE('',#872,#872,#142,.T.);
#1098=EDGE_CURVE('',#795,#873,#533,.T.);
#1099=EDGE_CURVE('',#873,#873,#143,.T.);
#1100=EDGE_CURVE('',#785,#874,#534,.T.);
#1101=EDGE_CURVE('',#874,#874,#144,.T.);
#1102=EDGE_CURVE('',#794,#875,#535,.T.);
#1103=EDGE_CURVE('',#875,#875,#145,.T.);
#1104=EDGE_CURVE('',#782,#876,#536,.T.);
#1105=EDGE_CURVE('',#876,#876,#146,.T.);
#1106=EDGE_CURVE('',#781,#877,#537,.T.);
#1107=EDGE_CURVE('',#877,#877,#147,.T.);
#1108=EDGE_CURVE('',#878,#878,#148,.T.);
#1109=EDGE_CURVE('',#878,#879,#538,.T.);
#1110=EDGE_CURVE('',#879,#879,#149,.T.);
#1111=EDGE_CURVE('',#880,#880,#150,.T.);
#1112=EDGE_CURVE('',#880,#804,#539,.T.);
#1113=EDGE_CURVE('',#881,#881,#151,.T.);
#1114=EDGE_CURVE('',#881,#810,#540,.T.);
#1115=EDGE_CURVE('',#882,#883,#541,.T.);
#1116=EDGE_CURVE('',#883,#884,#542,.T.);
#1117=EDGE_CURVE('',#885,#884,#543,.T.);
#1118=EDGE_CURVE('',#882,#885,#544,.T.);
#1119=EDGE_CURVE('',#886,#882,#545,.T.);
#1120=EDGE_CURVE('',#887,#885,#546,.T.);
#1121=EDGE_CURVE('',#886,#887,#547,.T.);
#1122=EDGE_CURVE('',#888,#886,#548,.T.);
#1123=EDGE_CURVE('',#889,#887,#549,.T.);
#1124=EDGE_CURVE('',#888,#889,#550,.T.);
#1125=EDGE_CURVE('',#883,#888,#551,.T.);
#1126=EDGE_CURVE('',#884,#889,#552,.T.);
#1127=ORIENTED_EDGE('',*,*,#890,.F.);
#1128=ORIENTED_EDGE('',*,*,#891,.F.);
#1129=ORIENTED_EDGE('',*,*,#892,.T.);
#1130=ORIENTED_EDGE('',*,*,#893,.T.);
#1131=ORIENTED_EDGE('',*,*,#894,.F.);
#1132=ORIENTED_EDGE('',*,*,#895,.F.);
#1133=ORIENTED_EDGE('',*,*,#896,.F.);
#1134=ORIENTED_EDGE('',*,*,#897,.T.);
#1135=ORIENTED_EDGE('',*,*,#898,.F.);
#1136=ORIENTED_EDGE('',*,*,#899,.F.);
#1137=ORIENTED_EDGE('',*,*,#900,.F.);
#1138=ORIENTED_EDGE('',*,*,#901,.T.);
#1139=ORIENTED_EDGE('',*,*,#902,.F.);
#1140=ORIENTED_EDGE('',*,*,#903,.T.);
#1141=ORIENTED_EDGE('',*,*,#904,.F.);
#1142=ORIENTED_EDGE('',*,*,#905,.F.);
#1143=ORIENTED_EDGE('',*,*,#906,.F.);
#1144=ORIENTED_EDGE('',*,*,#907,.T.);
#1145=ORIENTED_EDGE('',*,*,#908,.T.);
#1146=ORIENTED_EDGE('',*,*,#892,.F.);
#1147=ORIENTED_EDGE('',*,*,#909,.F.);
#1148=ORIENTED_EDGE('',*,*,#910,.T.);
#1149=ORIENTED_EDGE('',*,*,#911,.T.);
#1150=ORIENTED_EDGE('',*,*,#907,.F.);
#1151=ORIENTED_EDGE('',*,*,#912,.F.);
#1152=ORIENTED_EDGE('',*,*,#904,.T.);
#1153=ORIENTED_EDGE('',*,*,#913,.T.);
#1154=ORIENTED_EDGE('',*,*,#910,.F.);
#1155=ORIENTED_EDGE('',*,*,#914,.F.);
#1156=ORIENTED_EDGE('',*,*,#901,.F.);
#1157=ORIENTED_EDGE('',*,*,#915,.F.);
#1158=ORIENTED_EDGE('',*,*,#897,.F.);
#1159=ORIENTED_EDGE('',*,*,#916,.F.);
#1160=ORIENTED_EDGE('',*,*,#893,.F.);
#1161=ORIENTED_EDGE('',*,*,#908,.F.);
#1162=ORIENTED_EDGE('',*,*,#911,.F.);
#1163=ORIENTED_EDGE('',*,*,#913,.F.);
#1164=ORIENTED_EDGE('',*,*,#903,.F.);
#1165=ORIENTED_EDGE('',*,*,#917,.F.);
#1166=ORIENTED_EDGE('',*,*,#918,.F.);
#1167=ORIENTED_EDGE('',*,*,#919,.F.);
#1168=ORIENTED_EDGE('',*,*,#920,.F.);
#1169=ORIENTED_EDGE('',*,*,#921,.F.);
#1170=ORIENTED_EDGE('',*,*,#922,.F.);
#1171=ORIENTED_EDGE('',*,*,#923,.F.);
#1172=ORIENTED_EDGE('',*,*,#924,.F.);
#1173=ORIENTED_EDGE('',*,*,#925,.F.);
#1174=ORIENTED_EDGE('',*,*,#926,.F.);
#1175=ORIENTED_EDGE('',*,*,#927,.F.);
#1176=ORIENTED_EDGE('',*,*,#922,.T.);
#1177=ORIENTED_EDGE('',*,*,#928,.F.);
#1178=ORIENTED_EDGE('',*,*,#929,.F.);
#1179=ORIENTED_EDGE('',*,*,#930,.F.);
#1180=ORIENTED_EDGE('',*,*,#924,.T.);
#1181=ORIENTED_EDGE('',*,*,#931,.F.);
#1182=ORIENTED_EDGE('',*,*,#932,.F.);
#1183=ORIENTED_EDGE('',*,*,#933,.F.);
#1184=ORIENTED_EDGE('',*,*,#926,.T.);
#1185=ORIENTED_EDGE('',*,*,#934,.F.);
#1186=ORIENTED_EDGE('',*,*,#935,.F.);
#1187=ORIENTED_EDGE('',*,*,#936,.F.);
#1188=ORIENTED_EDGE('',*,*,#937,.T.);
#1189=ORIENTED_EDGE('',*,*,#920,.T.);
#1190=ORIENTED_EDGE('',*,*,#938,.F.);
#1191=ORIENTED_EDGE('',*,*,#939,.F.);
#1192=ORIENTED_EDGE('',*,*,#928,.T.);
#1193=ORIENTED_EDGE('',*,*,#921,.T.);
#1194=ORIENTED_EDGE('',*,*,#937,.F.);
#1195=ORIENTED_EDGE('',*,*,#940,.F.);
#1196=ORIENTED_EDGE('',*,*,#941,.F.);
#1197=ORIENTED_EDGE('',*,*,#942,.T.);
#1198=ORIENTED_EDGE('',*,*,#918,.T.);
#1199=ORIENTED_EDGE('',*,*,#943,.F.);
#1200=ORIENTED_EDGE('',*,*,#938,.T.);
#1201=ORIENTED_EDGE('',*,*,#919,.T.);
#1202=ORIENTED_EDGE('',*,*,#942,.F.);
#1203=ORIENTED_EDGE('',*,*,#895,.T.);
#1204=ORIENTED_EDGE('',*,*,#944,.T.);
#1205=ORIENTED_EDGE('',*,*,#932,.T.);
#1206=ORIENTED_EDGE('',*,*,#945,.T.);
#1207=ORIENTED_EDGE('',*,*,#946,.T.);
#1208=ORIENTED_EDGE('',*,*,#947,.T.);
#1209=ORIENTED_EDGE('',*,*,#948,.T.);
#1210=ORIENTED_EDGE('',*,*,#949,.T.);
#1211=ORIENTED_EDGE('',*,*,#950,.T.);
#1212=ORIENTED_EDGE('',*,*,#951,.T.);
#1213=ORIENTED_EDGE('',*,*,#952,.T.);
#1214=ORIENTED_EDGE('',*,*,#953,.T.);
#1215=ORIENTED_EDGE('',*,*,#954,.T.);
#1216=ORIENTED_EDGE('',*,*,#955,.T.);
#1217=ORIENTED_EDGE('',*,*,#956,.T.);
#1218=ORIENTED_EDGE('',*,*,#957,.T.);
#1219=ORIENTED_EDGE('',*,*,#958,.T.);
#1220=ORIENTED_EDGE('',*,*,#899,.T.);
#1221=ORIENTED_EDGE('',*,*,#959,.T.);
#1222=ORIENTED_EDGE('',*,*,#935,.T.);
#1223=ORIENTED_EDGE('',*,*,#960,.T.);
#1224=ORIENTED_EDGE('',*,*,#961,.T.);
#1225=ORIENTED_EDGE('',*,*,#962,.T.);
#1226=ORIENTED_EDGE('',*,*,#963,.T.);
#1227=ORIENTED_EDGE('',*,*,#964,.T.);
#1228=ORIENTED_EDGE('',*,*,#965,.T.);
#1229=ORIENTED_EDGE('',*,*,#966,.T.);
#1230=ORIENTED_EDGE('',*,*,#967,.T.);
#1231=ORIENTED_EDGE('',*,*,#968,.T.);
#1232=ORIENTED_EDGE('',*,*,#969,.T.);
#1233=ORIENTED_EDGE('',*,*,#970,.T.);
#1234=ORIENTED_EDGE('',*,*,#971,.T.);
#1235=ORIENTED_EDGE('',*,*,#972,.T.);
#1236=ORIENTED_EDGE('',*,*,#973,.T.);
#1237=ORIENTED_EDGE('',*,*,#890,.T.);
#1238=ORIENTED_EDGE('',*,*,#916,.T.);
#1239=ORIENTED_EDGE('',*,*,#896,.T.);
#1240=ORIENTED_EDGE('',*,*,#946,.F.);
#1241=ORIENTED_EDGE('',*,*,#974,.T.);
#1242=ORIENTED_EDGE('',*,*,#975,.F.);
#1243=ORIENTED_EDGE('',*,*,#974,.F.);
#1244=ORIENTED_EDGE('',*,*,#945,.F.);
#1245=ORIENTED_EDGE('',*,*,#931,.T.);
#1246=ORIENTED_EDGE('',*,*,#923,.T.);
#1247=ORIENTED_EDGE('',*,*,#927,.T.);
#1248=ORIENTED_EDGE('',*,*,#976,.F.);
#1249=ORIENTED_EDGE('',*,*,#977,.F.);
#1250=ORIENTED_EDGE('',*,*,#978,.T.);
#1251=ORIENTED_EDGE('',*,*,#979,.T.);
#1252=ORIENTED_EDGE('',*,*,#978,.F.);
#1253=ORIENTED_EDGE('',*,*,#979,.F.);
#1254=ORIENTED_EDGE('',*,*,#980,.F.);
#1255=ORIENTED_EDGE('',*,*,#981,.F.);
#1256=ORIENTED_EDGE('',*,*,#982,.T.);
#1257=ORIENTED_EDGE('',*,*,#983,.T.);
#1258=ORIENTED_EDGE('',*,*,#982,.F.);
#1259=ORIENTED_EDGE('',*,*,#983,.F.);
#1260=ORIENTED_EDGE('',*,*,#984,.F.);
#1261=ORIENTED_EDGE('',*,*,#985,.F.);
#1262=ORIENTED_EDGE('',*,*,#986,.T.);
#1263=ORIENTED_EDGE('',*,*,#987,.T.);
#1264=ORIENTED_EDGE('',*,*,#986,.F.);
#1265=ORIENTED_EDGE('',*,*,#987,.F.);
#1266=ORIENTED_EDGE('',*,*,#988,.F.);
#1267=ORIENTED_EDGE('',*,*,#989,.F.);
#1268=ORIENTED_EDGE('',*,*,#990,.T.);
#1269=ORIENTED_EDGE('',*,*,#991,.T.);
#1270=ORIENTED_EDGE('',*,*,#990,.F.);
#1271=ORIENTED_EDGE('',*,*,#991,.F.);
#1272=ORIENTED_EDGE('',*,*,#992,.F.);
#1273=ORIENTED_EDGE('',*,*,#993,.F.);
#1274=ORIENTED_EDGE('',*,*,#994,.T.);
#1275=ORIENTED_EDGE('',*,*,#995,.F.);
#1276=ORIENTED_EDGE('',*,*,#996,.F.);
#1277=ORIENTED_EDGE('',*,*,#997,.F.);
#1278=ORIENTED_EDGE('',*,*,#998,.T.);
#1279=ORIENTED_EDGE('',*,*,#999,.F.);
#1280=ORIENTED_EDGE('',*,*,#994,.F.);
#1281=ORIENTED_EDGE('',*,*,#1000,.F.);
#1282=ORIENTED_EDGE('',*,*,#1001,.T.);
#1283=ORIENTED_EDGE('',*,*,#1002,.F.);
#1284=ORIENTED_EDGE('',*,*,#998,.F.);
#1285=ORIENTED_EDGE('',*,*,#1003,.F.);
#1286=ORIENTED_EDGE('',*,*,#996,.T.);
#1287=ORIENTED_EDGE('',*,*,#1004,.F.);
#1288=ORIENTED_EDGE('',*,*,#1001,.F.);
#1289=ORIENTED_EDGE('',*,*,#947,.F.);
#1290=ORIENTED_EDGE('',*,*,#1005,.T.);
#1291=ORIENTED_EDGE('',*,*,#1006,.F.);
#1292=ORIENTED_EDGE('',*,*,#1007,.F.);
#1293=ORIENTED_EDGE('',*,*,#950,.F.);
#1294=ORIENTED_EDGE('',*,*,#1008,.T.);
#1295=ORIENTED_EDGE('',*,*,#1009,.F.);
#1296=ORIENTED_EDGE('',*,*,#1005,.F.);
#1297=ORIENTED_EDGE('',*,*,#949,.F.);
#1298=ORIENTED_EDGE('',*,*,#1010,.T.);
#1299=ORIENTED_EDGE('',*,*,#1011,.F.);
#1300=ORIENTED_EDGE('',*,*,#1008,.F.);
#1301=ORIENTED_EDGE('',*,*,#948,.F.);
#1302=ORIENTED_EDGE('',*,*,#1007,.T.);
#1303=ORIENTED_EDGE('',*,*,#1012,.F.);
#1304=ORIENTED_EDGE('',*,*,#1010,.F.);
#1305=ORIENTED_EDGE('',*,*,#962,.F.);
#1306=ORIENTED_EDGE('',*,*,#1013,.T.);
#1307=ORIENTED_EDGE('',*,*,#1014,.F.);
#1308=ORIENTED_EDGE('',*,*,#1015,.F.);
#1309=ORIENTED_EDGE('',*,*,#965,.F.);
#1310=ORIENTED_EDGE('',*,*,#1016,.T.);
#1311=ORIENTED_EDGE('',*,*,#1017,.F.);
#1312=ORIENTED_EDGE('',*,*,#1013,.F.);
#1313=ORIENTED_EDGE('',*,*,#964,.F.);
#1314=ORIENTED_EDGE('',*,*,#1018,.T.);
#1315=ORIENTED_EDGE('',*,*,#1019,.F.);
#1316=ORIENTED_EDGE('',*,*,#1016,.F.);
#1317=ORIENTED_EDGE('',*,*,#963,.F.);
#1318=ORIENTED_EDGE('',*,*,#1015,.T.);
#1319=ORIENTED_EDGE('',*,*,#1020,.F.);
#1320=ORIENTED_EDGE('',*,*,#1018,.F.);
#1321=ORIENTED_EDGE('',*,*,#1021,.F.);
#1322=ORIENTED_EDGE('',*,*,#1022,.T.);
#1323=ORIENTED_EDGE('',*,*,#1023,.F.);
#1324=ORIENTED_EDGE('',*,*,#1024,.F.);
#1325=ORIENTED_EDGE('',*,*,#1025,.F.);
#1326=ORIENTED_EDGE('',*,*,#1026,.T.);
#1327=ORIENTED_EDGE('',*,*,#1027,.F.);
#1328=ORIENTED_EDGE('',*,*,#1022,.F.);
#1329=ORIENTED_EDGE('',*,*,#1028,.F.);
#1330=ORIENTED_EDGE('',*,*,#1029,.T.);
#1331=ORIENTED_EDGE('',*,*,#1030,.F.);
#1332=ORIENTED_EDGE('',*,*,#1026,.F.);
#1333=ORIENTED_EDGE('',*,*,#1031,.F.);
#1334=ORIENTED_EDGE('',*,*,#1024,.T.);
#1335=ORIENTED_EDGE('',*,*,#1032,.F.);
#1336=ORIENTED_EDGE('',*,*,#1029,.F.);
#1337=ORIENTED_EDGE('',*,*,#966,.F.);
#1338=ORIENTED_EDGE('',*,*,#1033,.T.);
#1339=ORIENTED_EDGE('',*,*,#1034,.F.);
#1340=ORIENTED_EDGE('',*,*,#1035,.F.);
#1341=ORIENTED_EDGE('',*,*,#969,.F.);
#1342=ORIENTED_EDGE('',*,*,#1036,.T.);
#1343=ORIENTED_EDGE('',*,*,#1037,.F.);
#1344=ORIENTED_EDGE('',*,*,#1033,.F.);
#1345=ORIENTED_EDGE('',*,*,#968,.F.);
#1346=ORIENTED_EDGE('',*,*,#1038,.T.);
#1347=ORIENTED_EDGE('',*,*,#1039,.F.);
#1348=ORIENTED_EDGE('',*,*,#1036,.F.);
#1349=ORIENTED_EDGE('',*,*,#967,.F.);
#1350=ORIENTED_EDGE('',*,*,#1035,.T.);
#1351=ORIENTED_EDGE('',*,*,#1040,.F.);
#1352=ORIENTED_EDGE('',*,*,#1038,.F.);
#1353=ORIENTED_EDGE('',*,*,#1041,.F.);
#1354=ORIENTED_EDGE('',*,*,#1042,.T.);
#1355=ORIENTED_EDGE('',*,*,#1043,.F.);
#1356=ORIENTED_EDGE('',*,*,#1044,.F.);
#1357=ORIENTED_EDGE('',*,*,#1045,.F.);
#1358=ORIENTED_EDGE('',*,*,#1046,.T.);
#1359=ORIENTED_EDGE('',*,*,#1047,.F.);
#1360=ORIENTED_EDGE('',*,*,#1042,.F.);
#1361=ORIENTED_EDGE('',*,*,#1048,.F.);
#1362=ORIENTED_EDGE('',*,*,#1049,.T.);
#1363=ORIENTED_EDGE('',*,*,#1050,.F.);
#1364=ORIENTED_EDGE('',*,*,#1046,.F.);
#1365=ORIENTED_EDGE('',*,*,#1051,.F.);
#1366=ORIENTED_EDGE('',*,*,#1044,.T.);
#1367=ORIENTED_EDGE('',*,*,#1052,.F.);
#1368=ORIENTED_EDGE('',*,*,#1049,.F.);
#1369=ORIENTED_EDGE('',*,*,#951,.F.);
#1370=ORIENTED_EDGE('',*,*,#1053,.T.);
#1371=ORIENTED_EDGE('',*,*,#1054,.F.);
#1372=ORIENTED_EDGE('',*,*,#1055,.F.);
#1373=ORIENTED_EDGE('',*,*,#954,.F.);
#1374=ORIENTED_EDGE('',*,*,#1056,.T.);
#1375=ORIENTED_EDGE('',*,*,#1057,.F.);
#1376=ORIENTED_EDGE('',*,*,#1053,.F.);
#1377=ORIENTED_EDGE('',*,*,#953,.F.);
#1378=ORIENTED_EDGE('',*,*,#1058,.T.);
#1379=ORIENTED_EDGE('',*,*,#1059,.F.);
#1380=ORIENTED_EDGE('',*,*,#1056,.F.);
#1381=ORIENTED_EDGE('',*,*,#952,.F.);
#1382=ORIENTED_EDGE('',*,*,#1055,.T.);
#1383=ORIENTED_EDGE('',*,*,#1060,.F.);
#1384=ORIENTED_EDGE('',*,*,#1058,.F.);
#1385=ORIENTED_EDGE('',*,*,#1061,.F.);
#1386=ORIENTED_EDGE('',*,*,#1062,.T.);
#1387=ORIENTED_EDGE('',*,*,#1063,.F.);
#1388=ORIENTED_EDGE('',*,*,#1064,.F.);
#1389=ORIENTED_EDGE('',*,*,#1065,.F.);
#1390=ORIENTED_EDGE('',*,*,#1066,.T.);
#1391=ORIENTED_EDGE('',*,*,#1067,.F.);
#1392=ORIENTED_EDGE('',*,*,#1062,.F.);
#1393=ORIENTED_EDGE('',*,*,#1068,.F.);
#1394=ORIENTED_EDGE('',*,*,#1069,.T.);
#1395=ORIENTED_EDGE('',*,*,#1070,.F.);
#1396=ORIENTED_EDGE('',*,*,#1066,.F.);
#1397=ORIENTED_EDGE('',*,*,#1071,.F.);
#1398=ORIENTED_EDGE('',*,*,#1064,.T.);
#1399=ORIENTED_EDGE('',*,*,#1072,.F.);
#1400=ORIENTED_EDGE('',*,*,#1069,.F.);
#1401=ORIENTED_EDGE('',*,*,#1073,.F.);
#1402=ORIENTED_EDGE('',*,*,#1074,.T.);
#1403=ORIENTED_EDGE('',*,*,#980,.T.);
#1404=ORIENTED_EDGE('',*,*,#1074,.F.);
#1405=ORIENTED_EDGE('',*,*,#1075,.F.);
#1406=ORIENTED_EDGE('',*,*,#1076,.T.);
#1407=ORIENTED_EDGE('',*,*,#988,.T.);
#1408=ORIENTED_EDGE('',*,*,#1076,.F.);
#1409=ORIENTED_EDGE('',*,*,#1077,.F.);
#1410=ORIENTED_EDGE('',*,*,#1078,.T.);
#1411=ORIENTED_EDGE('',*,*,#1079,.F.);
#1412=ORIENTED_EDGE('',*,*,#1078,.F.);
#1413=ORIENTED_EDGE('',*,*,#958,.F.);
#1414=ORIENTED_EDGE('',*,*,#1080,.T.);
#1415=ORIENTED_EDGE('',*,*,#1081,.F.);
#1416=ORIENTED_EDGE('',*,*,#1080,.F.);
#1417=ORIENTED_EDGE('',*,*,#902,.T.);
#1418=ORIENTED_EDGE('',*,*,#1082,.F.);
#1419=ORIENTED_EDGE('',*,*,#1083,.T.);
#1420=ORIENTED_EDGE('',*,*,#1084,.F.);
#1421=ORIENTED_EDGE('',*,*,#1083,.F.);
#1422=ORIENTED_EDGE('',*,*,#1085,.F.);
#1423=ORIENTED_EDGE('',*,*,#940,.T.);
#1424=ORIENTED_EDGE('',*,*,#917,.T.);
#1425=ORIENTED_EDGE('',*,*,#933,.T.);
#1426=ORIENTED_EDGE('',*,*,#959,.F.);
#1427=ORIENTED_EDGE('',*,*,#898,.T.);
#1428=ORIENTED_EDGE('',*,*,#914,.T.);
#1429=ORIENTED_EDGE('',*,*,#957,.F.);
#1430=ORIENTED_EDGE('',*,*,#1086,.T.);
#1431=ORIENTED_EDGE('',*,*,#1087,.F.);
#1432=ORIENTED_EDGE('',*,*,#1086,.F.);
#1433=ORIENTED_EDGE('',*,*,#973,.F.);
#1434=ORIENTED_EDGE('',*,*,#1088,.T.);
#1435=ORIENTED_EDGE('',*,*,#1089,.F.);
#1436=ORIENTED_EDGE('',*,*,#1088,.F.);
#1437=ORIENTED_EDGE('',*,*,#972,.F.);
#1438=ORIENTED_EDGE('',*,*,#1090,.T.);
#1439=ORIENTED_EDGE('',*,*,#1091,.F.);
#1440=ORIENTED_EDGE('',*,*,#1090,.F.);
#1441=ORIENTED_EDGE('',*,*,#1092,.F.);
#1442=ORIENTED_EDGE('',*,*,#1093,.T.);
#1443=ORIENTED_EDGE('',*,*,#1094,.F.);
#1444=ORIENTED_EDGE('',*,*,#1093,.F.);
#1445=ORIENTED_EDGE('',*,*,#1095,.F.);
#1446=ORIENTED_EDGE('',*,*,#1096,.T.);
#1447=ORIENTED_EDGE('',*,*,#1097,.F.);
#1448=ORIENTED_EDGE('',*,*,#1096,.F.);
#1449=ORIENTED_EDGE('',*,*,#971,.F.);
#1450=ORIENTED_EDGE('',*,*,#1098,.T.);
#1451=ORIENTED_EDGE('',*,*,#1099,.F.);
#1452=ORIENTED_EDGE('',*,*,#1098,.F.);
#1453=ORIENTED_EDGE('',*,*,#900,.T.);
#1454=ORIENTED_EDGE('',*,*,#961,.F.);
#1455=ORIENTED_EDGE('',*,*,#1100,.T.);
#1456=ORIENTED_EDGE('',*,*,#1101,.F.);
#1457=ORIENTED_EDGE('',*,*,#1100,.F.);
#1458=ORIENTED_EDGE('',*,*,#960,.F.);
#1459=ORIENTED_EDGE('',*,*,#934,.T.);
#1460=ORIENTED_EDGE('',*,*,#925,.T.);
#1461=ORIENTED_EDGE('',*,*,#930,.T.);
#1462=ORIENTED_EDGE('',*,*,#944,.F.);
#1463=ORIENTED_EDGE('',*,*,#894,.T.);
#1464=ORIENTED_EDGE('',*,*,#915,.T.);
#1465=ORIENTED_EDGE('',*,*,#970,.F.);
#1466=ORIENTED_EDGE('',*,*,#1102,.T.);
#1467=ORIENTED_EDGE('',*,*,#1103,.F.);
#1468=ORIENTED_EDGE('',*,*,#1102,.F.);
#1469=ORIENTED_EDGE('',*,*,#956,.F.);
#1470=ORIENTED_EDGE('',*,*,#1104,.T.);
#1471=ORIENTED_EDGE('',*,*,#1105,.F.);
#1472=ORIENTED_EDGE('',*,*,#1104,.F.);
#1473=ORIENTED_EDGE('',*,*,#955,.F.);
#1474=ORIENTED_EDGE('',*,*,#1106,.T.);
#1475=ORIENTED_EDGE('',*,*,#1107,.F.);
#1476=ORIENTED_EDGE('',*,*,#1106,.F.);
#1477=ORIENTED_EDGE('',*,*,#1108,.F.);
#1478=ORIENTED_EDGE('',*,*,#1109,.T.);
#1479=ORIENTED_EDGE('',*,*,#1110,.F.);
#1480=ORIENTED_EDGE('',*,*,#1109,.F.);
#1481=ORIENTED_EDGE('',*,*,#1111,.F.);
#1482=ORIENTED_EDGE('',*,*,#1112,.T.);
#1483=ORIENTED_EDGE('',*,*,#984,.T.);
#1484=ORIENTED_EDGE('',*,*,#1112,.F.);
#1485=ORIENTED_EDGE('',*,*,#1113,.F.);
#1486=ORIENTED_EDGE('',*,*,#1114,.T.);
#1487=ORIENTED_EDGE('',*,*,#992,.T.);
#1488=ORIENTED_EDGE('',*,*,#1114,.F.);
#1489=ORIENTED_EDGE('',*,*,#1115,.T.);
#1490=ORIENTED_EDGE('',*,*,#1116,.T.);
#1491=ORIENTED_EDGE('',*,*,#1117,.F.);
#1492=ORIENTED_EDGE('',*,*,#1118,.F.);
#1493=ORIENTED_EDGE('',*,*,#1119,.T.);
#1494=ORIENTED_EDGE('',*,*,#1118,.T.);
#1495=ORIENTED_EDGE('',*,*,#1120,.F.);
#1496=ORIENTED_EDGE('',*,*,#1121,.F.);
#1497=ORIENTED_EDGE('',*,*,#1122,.T.);
#1498=ORIENTED_EDGE('',*,*,#1121,.T.);
#1499=ORIENTED_EDGE('',*,*,#1123,.F.);
#1500=ORIENTED_EDGE('',*,*,#1124,.F.);
#1501=ORIENTED_EDGE('',*,*,#1125,.T.);
#1502=ORIENTED_EDGE('',*,*,#1124,.T.);
#1503=ORIENTED_EDGE('',*,*,#1126,.F.);
#1504=ORIENTED_EDGE('',*,*,#1116,.F.);
#1505=ORIENTED_EDGE('',*,*,#1126,.T.);
#1506=ORIENTED_EDGE('',*,*,#1123,.T.);
#1507=ORIENTED_EDGE('',*,*,#1120,.T.);
#1508=ORIENTED_EDGE('',*,*,#1117,.T.);
#1509=ORIENTED_EDGE('',*,*,#995,.T.);
#1510=ORIENTED_EDGE('',*,*,#999,.T.);
#1511=ORIENTED_EDGE('',*,*,#1002,.T.);
#1512=ORIENTED_EDGE('',*,*,#1004,.T.);
#1513=ORIENTED_EDGE('',*,*,#1006,.T.);
#1514=ORIENTED_EDGE('',*,*,#1009,.T.);
#1515=ORIENTED_EDGE('',*,*,#1011,.T.);
#1516=ORIENTED_EDGE('',*,*,#1012,.T.);
#1517=ORIENTED_EDGE('',*,*,#1014,.T.);
#1518=ORIENTED_EDGE('',*,*,#1017,.T.);
#1519=ORIENTED_EDGE('',*,*,#1019,.T.);
#1520=ORIENTED_EDGE('',*,*,#1020,.T.);
#1521=ORIENTED_EDGE('',*,*,#1023,.T.);
#1522=ORIENTED_EDGE('',*,*,#1027,.T.);
#1523=ORIENTED_EDGE('',*,*,#1030,.T.);
#1524=ORIENTED_EDGE('',*,*,#1032,.T.);
#1525=ORIENTED_EDGE('',*,*,#1034,.T.);
#1526=ORIENTED_EDGE('',*,*,#1037,.T.);
#1527=ORIENTED_EDGE('',*,*,#1039,.T.);
#1528=ORIENTED_EDGE('',*,*,#1040,.T.);
#1529=ORIENTED_EDGE('',*,*,#1043,.T.);
#1530=ORIENTED_EDGE('',*,*,#1047,.T.);
#1531=ORIENTED_EDGE('',*,*,#1050,.T.);
#1532=ORIENTED_EDGE('',*,*,#1052,.T.);
#1533=ORIENTED_EDGE('',*,*,#1054,.T.);
#1534=ORIENTED_EDGE('',*,*,#1057,.T.);
#1535=ORIENTED_EDGE('',*,*,#1059,.T.);
#1536=ORIENTED_EDGE('',*,*,#1060,.T.);
#1537=ORIENTED_EDGE('',*,*,#1063,.T.);
#1538=ORIENTED_EDGE('',*,*,#1067,.T.);
#1539=ORIENTED_EDGE('',*,*,#1070,.T.);
#1540=ORIENTED_EDGE('',*,*,#1072,.T.);
#1541=ORIENTED_EDGE('',*,*,#1110,.T.);
#1542=ORIENTED_EDGE('',*,*,#1107,.T.);
#1543=ORIENTED_EDGE('',*,*,#975,.T.);
#1544=ORIENTED_EDGE('',*,*,#1105,.T.);
#1545=ORIENTED_EDGE('',*,*,#1103,.T.);
#1546=ORIENTED_EDGE('',*,*,#1101,.T.);
#1547=ORIENTED_EDGE('',*,*,#1099,.T.);
#1548=ORIENTED_EDGE('',*,*,#1097,.T.);
#1549=ORIENTED_EDGE('',*,*,#1094,.T.);
#1550=ORIENTED_EDGE('',*,*,#1091,.T.);
#1551=ORIENTED_EDGE('',*,*,#1089,.T.);
#1552=ORIENTED_EDGE('',*,*,#1087,.T.);
#1553=ORIENTED_EDGE('',*,*,#1084,.T.);
#1554=ORIENTED_EDGE('',*,*,#1081,.T.);
#1555=ORIENTED_EDGE('',*,*,#1079,.T.);
#1556=ORIENTED_EDGE('',*,*,#989,.T.);
#1557=ORIENTED_EDGE('',*,*,#985,.T.);
#1558=ORIENTED_EDGE('',*,*,#981,.T.);
#1559=ORIENTED_EDGE('',*,*,#977,.T.);
#1560=ORIENTED_EDGE('',*,*,#1125,.F.);
#1561=ORIENTED_EDGE('',*,*,#1115,.F.);
#1562=ORIENTED_EDGE('',*,*,#1119,.F.);
#1563=ORIENTED_EDGE('',*,*,#1122,.F.);
#1564=ORIENTED_EDGE('',*,*,#993,.T.);
#1565=ORIENTED_EDGE('',*,*,#1003,.T.);
#1566=ORIENTED_EDGE('',*,*,#1000,.T.);
#1567=ORIENTED_EDGE('',*,*,#997,.T.);
#1568=ORIENTED_EDGE('',*,*,#1021,.T.);
#1569=ORIENTED_EDGE('',*,*,#1031,.T.);
#1570=ORIENTED_EDGE('',*,*,#1028,.T.);
#1571=ORIENTED_EDGE('',*,*,#1025,.T.);
#1572=ORIENTED_EDGE('',*,*,#1041,.T.);
#1573=ORIENTED_EDGE('',*,*,#1051,.T.);
#1574=ORIENTED_EDGE('',*,*,#1048,.T.);
#1575=ORIENTED_EDGE('',*,*,#1045,.T.);
#1576=ORIENTED_EDGE('',*,*,#1061,.T.);
#1577=ORIENTED_EDGE('',*,*,#1071,.T.);
#1578=ORIENTED_EDGE('',*,*,#1068,.T.);
#1579=ORIENTED_EDGE('',*,*,#1065,.T.);
#1580=ORIENTED_EDGE('',*,*,#1113,.T.);
#1581=ORIENTED_EDGE('',*,*,#1111,.T.);
#1582=ORIENTED_EDGE('',*,*,#1108,.T.);
#1583=ORIENTED_EDGE('',*,*,#1095,.T.);
#1584=ORIENTED_EDGE('',*,*,#1092,.T.);
#1585=ORIENTED_EDGE('',*,*,#1077,.T.);
#1586=ORIENTED_EDGE('',*,*,#1075,.T.);
#1587=ORIENTED_EDGE('',*,*,#1073,.T.);
#1588=ORIENTED_EDGE('',*,*,#905,.T.);
#1589=ORIENTED_EDGE('',*,*,#912,.T.);
#1590=ORIENTED_EDGE('',*,*,#909,.T.);
#1591=ORIENTED_EDGE('',*,*,#906,.T.);
#1592=ORIENTED_EDGE('',*,*,#891,.T.);
#1593=ORIENTED_EDGE('',*,*,#976,.T.);
#1594=ORIENTED_EDGE('',*,*,#929,.T.);
#1595=ORIENTED_EDGE('',*,*,#939,.T.);
#1596=ORIENTED_EDGE('',*,*,#936,.T.);
#1597=ORIENTED_EDGE('',*,*,#943,.T.);
#1598=ORIENTED_EDGE('',*,*,#941,.T.);
#1599=ORIENTED_EDGE('',*,*,#1085,.T.);
#1600=ORIENTED_EDGE('',*,*,#1082,.T.);
#1601=PLANE('',#1758);
#1602=PLANE('',#1759);
#1603=PLANE('',#1760);
#1604=PLANE('',#1761);
#1605=PLANE('',#1762);
#1606=PLANE('',#1763);
#1607=PLANE('',#1764);
#1608=PLANE('',#1765);
#1609=PLANE('',#1769);
#1610=PLANE('',#1773);
#1611=PLANE('',#1774);
#1612=PLANE('',#1775);
#1613=PLANE('',#1776);
#1614=PLANE('',#1777);
#1615=PLANE('',#1778);
#1616=PLANE('',#1779);
#1617=PLANE('',#1780);
#1618=PLANE('',#1788);
#1619=PLANE('',#1802);
#1620=PLANE('',#1807);
#1621=PLANE('',#1812);
#1622=PLANE('',#1817);
#1623=PLANE('',#1819);
#1624=PLANE('',#1820);
#1625=PLANE('',#1821);
#1626=PLANE('',#1822);
#1627=PLANE('',#1823);
#1628=PLANE('',#1824);
#1629=PLANE('',#1825);
#1630=PLANE('',#1826);
#1631=PLANE('',#1827);
#1632=PLANE('',#1828);
#1633=PLANE('',#1829);
#1634=PLANE('',#1830);
#1635=PLANE('',#1831);
#1636=PLANE('',#1832);
#1637=PLANE('',#1833);
#1638=PLANE('',#1834);
#1639=PLANE('',#1835);
#1640=PLANE('',#1836);
#1641=PLANE('',#1837);
#1642=PLANE('',#1838);
#1643=PLANE('',#1839);
#1644=PLANE('',#1840);
#1645=PLANE('',#1841);
#1646=PLANE('',#1842);
#1647=PLANE('',#1843);
#1648=PLANE('',#1844);
#1649=PLANE('',#1845);
#1650=PLANE('',#1846);
#1651=PLANE('',#1847);
#1652=PLANE('',#1848);
#1653=PLANE('',#1849);
#1654=PLANE('',#1850);
#1655=PLANE('',#1893);
#1656=PLANE('',#1894);
#1657=PLANE('',#1895);
#1658=PLANE('',#1896);
#1659=PLANE('',#1897);
#1660=PLANE('',#1898);
#1661=ADVANCED_FACE('',(#152),#1601,.F.);
#1662=ADVANCED_FACE('',(#153),#1602,.F.);
#1663=ADVANCED_FACE('',(#154),#1603,.F.);
#1664=ADVANCED_FACE('',(#155),#1604,.F.);
#1665=ADVANCED_FACE('',(#156),#1605,.F.);
#1666=ADVANCED_FACE('',(#157),#1606,.F.);
#1667=ADVANCED_FACE('',(#158),#1607,.F.);
#1668=ADVANCED_FACE('',(#159),#1608,.F.);
#1669=ADVANCED_FACE('',(#160),#1609,.F.);
#1670=ADVANCED_FACE('',(#161),#1610,.F.);
#1671=ADVANCED_FACE('',(#162),#1611,.F.);
#1672=ADVANCED_FACE('',(#163),#1612,.F.);
#1673=ADVANCED_FACE('',(#164),#1613,.F.);
#1674=ADVANCED_FACE('',(#165),#1614,.F.);
#1675=ADVANCED_FACE('',(#166),#1615,.F.);
#1676=ADVANCED_FACE('',(#167),#1616,.F.);
#1677=ADVANCED_FACE('',(#168,#38,#39,#40,#41,#42,#43),#1617,.F.);
#1678=ADVANCED_FACE('',(#169,#44,#45,#46,#47,#48,#49),#1618,.F.);
#1679=ADVANCED_FACE('',(#170),#15,.F.);
#1680=ADVANCED_FACE('',(#171),#16,.F.);
#1681=ADVANCED_FACE('',(#172,#50),#1619,.T.);
#1682=ADVANCED_FACE('',(#173),#17,.F.);
#1683=ADVANCED_FACE('',(#174,#51),#1620,.T.);
#1684=ADVANCED_FACE('',(#175),#18,.F.);
#1685=ADVANCED_FACE('',(#176,#52),#1621,.T.);
#1686=ADVANCED_FACE('',(#177),#19,.F.);
#1687=ADVANCED_FACE('',(#178,#53),#1622,.T.);
#1688=ADVANCED_FACE('',(#179),#1623,.F.);
#1689=ADVANCED_FACE('',(#180),#1624,.F.);
#1690=ADVANCED_FACE('',(#181),#1625,.F.);
#1691=ADVANCED_FACE('',(#182),#1626,.F.);
#1692=ADVANCED_FACE('',(#183),#1627,.F.);
#1693=ADVANCED_FACE('',(#184),#1628,.F.);
#1694=ADVANCED_FACE('',(#185),#1629,.F.);
#1695=ADVANCED_FACE('',(#186),#1630,.F.);
#1696=ADVANCED_FACE('',(#187),#1631,.F.);
#1697=ADVANCED_FACE('',(#188),#1632,.F.);
#1698=ADVANCED_FACE('',(#189),#1633,.F.);
#1699=ADVANCED_FACE('',(#190),#1634,.F.);
#1700=ADVANCED_FACE('',(#191),#1635,.F.);
#1701=ADVANCED_FACE('',(#192),#1636,.F.);
#1702=ADVANCED_FACE('',(#193),#1637,.F.);
#1703=ADVANCED_FACE('',(#194),#1638,.F.);
#1704=ADVANCED_FACE('',(#195),#1639,.F.);
#1705=ADVANCED_FACE('',(#196),#1640,.F.);
#1706=ADVANCED_FACE('',(#197),#1641,.F.);
#1707=ADVANCED_FACE('',(#198),#1642,.F.);
#1708=ADVANCED_FACE('',(#199),#1643,.F.);
#1709=ADVANCED_FACE('',(#200),#1644,.F.);
#1710=ADVANCED_FACE('',(#201),#1645,.F.);
#1711=ADVANCED_FACE('',(#202),#1646,.F.);
#1712=ADVANCED_FACE('',(#203),#1647,.F.);
#1713=ADVANCED_FACE('',(#204),#1648,.F.);
#1714=ADVANCED_FACE('',(#205),#1649,.F.);
#1715=ADVANCED_FACE('',(#206),#1650,.F.);
#1716=ADVANCED_FACE('',(#207),#1651,.F.);
#1717=ADVANCED_FACE('',(#208),#1652,.F.);
#1718=ADVANCED_FACE('',(#209),#1653,.F.);
#1719=ADVANCED_FACE('',(#210),#1654,.F.);
#1720=ADVANCED_FACE('',(#211),#20,.F.);
#1721=ADVANCED_FACE('',(#212),#21,.F.);
#1722=ADVANCED_FACE('',(#213),#22,.F.);
#1723=ADVANCED_FACE('',(#214),#23,.F.);
#1724=ADVANCED_FACE('',(#215),#24,.F.);
#1725=ADVANCED_FACE('',(#216),#25,.F.);
#1726=ADVANCED_FACE('',(#217),#26,.F.);
#1727=ADVANCED_FACE('',(#218),#27,.F.);
#1728=ADVANCED_FACE('',(#219),#28,.F.);
#1729=ADVANCED_FACE('',(#220),#29,.F.);
#1730=ADVANCED_FACE('',(#221),#30,.F.);
#1731=ADVANCED_FACE('',(#222),#31,.F.);
#1732=ADVANCED_FACE('',(#223),#32,.F.);
#1733=ADVANCED_FACE('',(#224),#33,.F.);
#1734=ADVANCED_FACE('',(#225),#34,.F.);
#1735=ADVANCED_FACE('',(#226),#35,.F.);
#1736=ADVANCED_FACE('',(#227),#36,.F.);
#1737=ADVANCED_FACE('',(#228),#37,.F.);
#1738=ADVANCED_FACE('',(#229),#1655,.T.);
#1739=ADVANCED_FACE('',(#230),#1656,.T.);
#1740=ADVANCED_FACE('',(#231),#1657,.T.);
#1741=ADVANCED_FACE('',(#232),#1658,.T.);
#1742=ADVANCED_FACE('',(#233,#54,#55,#56,#57,#58,#59,#60,#61,#62,#63,#64,
#65,#66,#67,#68,#69,#70,#71,#72,#73,#74,#75,#76,#77,#78,#79,#80),#1659,
 .T.);
#1743=ADVANCED_FACE('',(#234,#81,#82,#83,#84,#85,#86,#87,#88,#89,#90,#91,
#92,#93),#1660,.F.);
#1744=CLOSED_SHELL('',(#1661,#1662,#1663,#1664,#1665,#1666,#1667,#1668,
#1669,#1670,#1671,#1672,#1673,#1674,#1675,#1676,#1677,#1678,#1679,#1680,
#1681,#1682,#1683,#1684,#1685,#1686,#1687,#1688,#1689,#1690,#1691,#1692,
#1693,#1694,#1695,#1696,#1697,#1698,#1699,#1700,#1701,#1702,#1703,#1704,
#1705,#1706,#1707,#1708,#1709,#1710,#1711,#1712,#1713,#1714,#1715,#1716,
#1717,#1718,#1719,#1720,#1721,#1722,#1723,#1724,#1725,#1726,#1727,#1728,
#1729,#1730,#1731,#1732,#1733,#1734,#1735,#1736,#1737,#1738,#1739,#1740,
#1741,#1742,#1743));
#1745=DERIVED_UNIT_ELEMENT(#1747,1.);
#1746=DERIVED_UNIT_ELEMENT(#2846,-3.);
#1747=(
MASS_UNIT()
NAMED_UNIT(*)
SI_UNIT(.KILO.,.GRAM.)
);
#1748=DERIVED_UNIT((#1745,#1746));
#1749=MEASURE_REPRESENTATION_ITEM('density measure',
POSITIVE_RATIO_MEASURE(7850.),#1748);
#1750=PROPERTY_DEFINITION_REPRESENTATION(#1755,#1752);
#1751=PROPERTY_DEFINITION_REPRESENTATION(#1756,#1753);
#1752=REPRESENTATION('material name',(#1754),#2843);
#1753=REPRESENTATION('density',(#1749),#2843);
#1754=DESCRIPTIVE_REPRESENTATION_ITEM('Steel','Steel');
#1755=PROPERTY_DEFINITION('material property','material name',#2853);
#1756=PROPERTY_DEFINITION('material property','density of part',#2853);
#1757=AXIS2_PLACEMENT_3D('',#2362,#1899,#1900);
#1758=AXIS2_PLACEMENT_3D('',#2363,#1901,#1902);
#1759=AXIS2_PLACEMENT_3D('',#2372,#1907,#1908);
#1760=AXIS2_PLACEMENT_3D('',#2381,#1913,#1914);
#1761=AXIS2_PLACEMENT_3D('',#2390,#1919,#1920);
#1762=AXIS2_PLACEMENT_3D('',#2399,#1925,#1926);
#1763=AXIS2_PLACEMENT_3D('',#2405,#1930,#1931);
#1764=AXIS2_PLACEMENT_3D('',#2411,#1935,#1936);
#1765=AXIS2_PLACEMENT_3D('',#2414,#1939,#1940);
#1766=AXIS2_PLACEMENT_3D('',#2415,#1941,#1942);
#1767=AXIS2_PLACEMENT_3D('',#2416,#1943,#1944);
#1768=AXIS2_PLACEMENT_3D('',#2417,#1945,#1946);
#1769=AXIS2_PLACEMENT_3D('',#2418,#1947,#1948);
#1770=AXIS2_PLACEMENT_3D('',#2421,#1949,#1950);
#1771=AXIS2_PLACEMENT_3D('',#2433,#1956,#1957);
#1772=AXIS2_PLACEMENT_3D('',#2437,#1959,#1960);
#1773=AXIS2_PLACEMENT_3D('',#2439,#1962,#1963);
#1774=AXIS2_PLACEMENT_3D('',#2445,#1967,#1968);
#1775=AXIS2_PLACEMENT_3D('',#2451,#1972,#1973);
#1776=AXIS2_PLACEMENT_3D('',#2457,#1977,#1978);
#1777=AXIS2_PLACEMENT_3D('',#2463,#1982,#1983);
#1778=AXIS2_PLACEMENT_3D('',#2465,#1985,#1986);
#1779=AXIS2_PLACEMENT_3D('',#2471,#1990,#1991);
#1780=AXIS2_PLACEMENT_3D('',#2473,#1993,#1994);
#1781=AXIS2_PLACEMENT_3D('',#2474,#1995,#1996);
#1782=AXIS2_PLACEMENT_3D('',#2476,#1997,#1998);
#1783=AXIS2_PLACEMENT_3D('',#2477,#1999,#2000);
#1784=AXIS2_PLACEMENT_3D('',#2495,#2009,#2010);
#1785=AXIS2_PLACEMENT_3D('',#2497,#2011,#2012);
#1786=AXIS2_PLACEMENT_3D('',#2499,#2013,#2014);
#1787=AXIS2_PLACEMENT_3D('',#2501,#2015,#2016);
#1788=AXIS2_PLACEMENT_3D('',#2502,#2017,#2018);
#1789=AXIS2_PLACEMENT_3D('',#2503,#2019,#2020);
#1790=AXIS2_PLACEMENT_3D('',#2505,#2021,#2022);
#1791=AXIS2_PLACEMENT_3D('',#2506,#2023,#2024);
#1792=AXIS2_PLACEMENT_3D('',#2524,#2033,#2034);
#1793=AXIS2_PLACEMENT_3D('',#2526,#2035,#2036);
#1794=AXIS2_PLACEMENT_3D('',#2528,#2037,#2038);
#1795=AXIS2_PLACEMENT_3D('',#2530,#2039,#2040);
#1796=AXIS2_PLACEMENT_3D('',#2531,#2041,#2042);
#1797=AXIS2_PLACEMENT_3D('',#2534,#2044,#2045);
#1798=AXIS2_PLACEMENT_3D('',#2535,#2046,#2047);
#1799=AXIS2_PLACEMENT_3D('',#2536,#2048,#2049);
#1800=AXIS2_PLACEMENT_3D('',#2538,#2050,#2051);
#1801=AXIS2_PLACEMENT_3D('',#2541,#2053,#2054);
#1802=AXIS2_PLACEMENT_3D('',#2542,#2055,#2056);
#1803=AXIS2_PLACEMENT_3D('',#2544,#2057,#2058);
#1804=AXIS2_PLACEMENT_3D('',#2545,#2059,#2060);
#1805=AXIS2_PLACEMENT_3D('',#2547,#2061,#2062);
#1806=AXIS2_PLACEMENT_3D('',#2550,#2064,#2065);
#1807=AXIS2_PLACEMENT_3D('',#2551,#2066,#2067);
#1808=AXIS2_PLACEMENT_3D('',#2553,#2068,#2069);
#1809=AXIS2_PLACEMENT_3D('',#2554,#2070,#2071);
#1810=AXIS2_PLACEMENT_3D('',#2556,#2072,#2073);
#1811=AXIS2_PLACEMENT_3D('',#2559,#2075,#2076);
#1812=AXIS2_PLACEMENT_3D('',#2560,#2077,#2078);
#1813=AXIS2_PLACEMENT_3D('',#2562,#2079,#2080);
#1814=AXIS2_PLACEMENT_3D('',#2563,#2081,#2082);
#1815=AXIS2_PLACEMENT_3D('',#2565,#2083,#2084);
#1816=AXIS2_PLACEMENT_3D('',#2568,#2086,#2087);
#1817=AXIS2_PLACEMENT_3D('',#2569,#2088,#2089);
#1818=AXIS2_PLACEMENT_3D('',#2571,#2090,#2091);
#1819=AXIS2_PLACEMENT_3D('',#2572,#2092,#2093);
#1820=AXIS2_PLACEMENT_3D('',#2581,#2098,#2099);
#1821=AXIS2_PLACEMENT_3D('',#2587,#2103,#2104);
#1822=AXIS2_PLACEMENT_3D('',#2593,#2108,#2109);
#1823=AXIS2_PLACEMENT_3D('',#2596,#2112,#2113);
#1824=AXIS2_PLACEMENT_3D('',#2602,#2117,#2118);
#1825=AXIS2_PLACEMENT_3D('',#2606,#2121,#2122);
#1826=AXIS2_PLACEMENT_3D('',#2610,#2125,#2126);
#1827=AXIS2_PLACEMENT_3D('',#2612,#2128,#2129);
#1828=AXIS2_PLACEMENT_3D('',#2618,#2133,#2134);
#1829=AXIS2_PLACEMENT_3D('',#2622,#2137,#2138);
#1830=AXIS2_PLACEMENT_3D('',#2626,#2141,#2142);
#1831=AXIS2_PLACEMENT_3D('',#2628,#2144,#2145);
#1832=AXIS2_PLACEMENT_3D('',#2637,#2150,#2151);
#1833=AXIS2_PLACEMENT_3D('',#2643,#2155,#2156);
#1834=AXIS2_PLACEMENT_3D('',#2649,#2160,#2161);
#1835=AXIS2_PLACEMENT_3D('',#2652,#2164,#2165);
#1836=AXIS2_PLACEMENT_3D('',#2658,#2169,#2170);
#1837=AXIS2_PLACEMENT_3D('',#2662,#2173,#2174);
#1838=AXIS2_PLACEMENT_3D('',#2666,#2177,#2178);
#1839=AXIS2_PLACEMENT_3D('',#2668,#2180,#2181);
#1840=AXIS2_PLACEMENT_3D('',#2677,#2186,#2187);
#1841=AXIS2_PLACEMENT_3D('',#2683,#2191,#2192);
#1842=AXIS2_PLACEMENT_3D('',#2689,#2196,#2197);
#1843=AXIS2_PLACEMENT_3D('',#2692,#2200,#2201);
#1844=AXIS2_PLACEMENT_3D('',#2698,#2205,#2206);
#1845=AXIS2_PLACEMENT_3D('',#2702,#2209,#2210);
#1846=AXIS2_PLACEMENT_3D('',#2706,#2213,#2214);
#1847=AXIS2_PLACEMENT_3D('',#2708,#2216,#2217);
#1848=AXIS2_PLACEMENT_3D('',#2717,#2222,#2223);
#1849=AXIS2_PLACEMENT_3D('',#2723,#2227,#2228);
#1850=AXIS2_PLACEMENT_3D('',#2729,#2232,#2233);
#1851=AXIS2_PLACEMENT_3D('',#2732,#2236,#2237);
#1852=AXIS2_PLACEMENT_3D('',#2734,#2238,#2239);
#1853=AXIS2_PLACEMENT_3D('',#2736,#2241,#2242);
#1854=AXIS2_PLACEMENT_3D('',#2738,#2243,#2244);
#1855=AXIS2_PLACEMENT_3D('',#2740,#2246,#2247);
#1856=AXIS2_PLACEMENT_3D('',#2742,#2248,#2249);
#1857=AXIS2_PLACEMENT_3D('',#2745,#2251,#2252);
#1858=AXIS2_PLACEMENT_3D('',#2746,#2253,#2254);
#1859=AXIS2_PLACEMENT_3D('',#2749,#2256,#2257);
#1860=AXIS2_PLACEMENT_3D('',#2750,#2258,#2259);
#1861=AXIS2_PLACEMENT_3D('',#2752,#2260,#2261);
#1862=AXIS2_PLACEMENT_3D('',#2755,#2263,#2264);
#1863=AXIS2_PLACEMENT_3D('',#2756,#2265,#2266);
#1864=AXIS2_PLACEMENT_3D('',#2757,#2267,#2268);
#1865=AXIS2_PLACEMENT_3D('',#2760,#2270,#2271);
#1866=AXIS2_PLACEMENT_3D('',#2761,#2272,#2273);
#1867=AXIS2_PLACEMENT_3D('',#2764,#2275,#2276);
#1868=AXIS2_PLACEMENT_3D('',#2765,#2277,#2278);
#1869=AXIS2_PLACEMENT_3D('',#2768,#2280,#2281);
#1870=AXIS2_PLACEMENT_3D('',#2769,#2282,#2283);
#1871=AXIS2_PLACEMENT_3D('',#2771,#2284,#2285);
#1872=AXIS2_PLACEMENT_3D('',#2774,#2287,#2288);
#1873=AXIS2_PLACEMENT_3D('',#2775,#2289,#2290);
#1874=AXIS2_PLACEMENT_3D('',#2777,#2291,#2292);
#1875=AXIS2_PLACEMENT_3D('',#2780,#2294,#2295);
#1876=AXIS2_PLACEMENT_3D('',#2781,#2296,#2297);
#1877=AXIS2_PLACEMENT_3D('',#2784,#2299,#2300);
#1878=AXIS2_PLACEMENT_3D('',#2785,#2301,#2302);
#1879=AXIS2_PLACEMENT_3D('',#2788,#2304,#2305);
#1880=AXIS2_PLACEMENT_3D('',#2789,#2306,#2307);
#1881=AXIS2_PLACEMENT_3D('',#2792,#2309,#2310);
#1882=AXIS2_PLACEMENT_3D('',#2793,#2311,#2312);
#1883=AXIS2_PLACEMENT_3D('',#2796,#2314,#2315);
#1884=AXIS2_PLACEMENT_3D('',#2797,#2316,#2317);
#1885=AXIS2_PLACEMENT_3D('',#2800,#2319,#2320);
#1886=AXIS2_PLACEMENT_3D('',#2801,#2321,#2322);
#1887=AXIS2_PLACEMENT_3D('',#2803,#2323,#2324);
#1888=AXIS2_PLACEMENT_3D('',#2806,#2326,#2327);
#1889=AXIS2_PLACEMENT_3D('',#2807,#2328,#2329);
#1890=AXIS2_PLACEMENT_3D('',#2809,#2330,#2331);
#1891=AXIS2_PLACEMENT_3D('',#2811,#2333,#2334);
#1892=AXIS2_PLACEMENT_3D('',#2813,#2335,#2336);
#1893=AXIS2_PLACEMENT_3D('',#2815,#2338,#2339);
#1894=AXIS2_PLACEMENT_3D('',#2824,#2344,#2345);
#1895=AXIS2_PLACEMENT_3D('',#2830,#2349,#2350);
#1896=AXIS2_PLACEMENT_3D('',#2836,#2354,#2355);
#1897=AXIS2_PLACEMENT_3D('',#2839,#2358,#2359);
#1898=AXIS2_PLACEMENT_3D('',#2840,#2360,#2361);
#1899=DIRECTION('axis',(0.,0.,1.));
#1900=DIRECTION('refdir',(1.,0.,0.));
#1901=DIRECTION('center_axis',(0.,1.,0.));
#1902=DIRECTION('ref_axis',(-1.,0.,0.));
#1903=DIRECTION('',(0.,0.,1.));
#1904=DIRECTION('',(-1.,0.,0.));
#1905=DIRECTION('',(0.,0.,1.));
#1906=DIRECTION('',(-1.,0.,0.));
#1907=DIRECTION('center_axis',(0.,1.,0.));
#1908=DIRECTION('ref_axis',(-1.,0.,0.));
#1909=DIRECTION('',(0.,0.,1.));
#1910=DIRECTION('',(-1.,0.,0.));
#1911=DIRECTION('',(0.,0.,-1.));
#1912=DIRECTION('',(-1.,0.,0.));
#1913=DIRECTION('center_axis',(0.,1.,0.));
#1914=DIRECTION('ref_axis',(-1.,0.,0.));
#1915=DIRECTION('',(0.,0.,1.));
#1916=DIRECTION('',(-1.,0.,0.));
#1917=DIRECTION('',(0.,0.,-1.));
#1918=DIRECTION('',(-1.,0.,0.));
#1919=DIRECTION('center_axis',(0.,1.,0.));
#1920=DIRECTION('ref_axis',(-1.,0.,0.));
#1921=DIRECTION('',(0.,0.,-1.));
#1922=DIRECTION('',(-1.,0.,0.));
#1923=DIRECTION('',(0.,0.,1.));
#1924=DIRECTION('',(-1.,0.,0.));
#1925=DIRECTION('center_axis',(1.,0.,0.));
#1926=DIRECTION('ref_axis',(0.,1.,0.));
#1927=DIRECTION('',(0.,1.,0.));
#1928=DIRECTION('',(0.,0.,1.));
#1929=DIRECTION('',(0.,1.,0.));
#1930=DIRECTION('center_axis',(0.,-1.,0.));
#1931=DIRECTION('ref_axis',(1.,0.,0.));
#1932=DIRECTION('',(1.,0.,0.));
#1933=DIRECTION('',(0.,0.,1.));
#1934=DIRECTION('',(1.,0.,0.));
#1935=DIRECTION('center_axis',(-1.,0.,0.));
#1936=DIRECTION('ref_axis',(0.,-1.,0.));
#1937=DIRECTION('',(0.,-1.,0.));
#1938=DIRECTION('',(0.,-1.,0.));
#1939=DIRECTION('center_axis',(0.,0.,1.));
#1940=DIRECTION('ref_axis',(1.,0.,0.));
#1941=DIRECTION('center_axis',(0.,0.,-1.));
#1942=DIRECTION('ref_axis',(1.,0.,0.));
#1943=DIRECTION('center_axis',(0.,0.,-1.));
#1944=DIRECTION('ref_axis',(1.,0.,0.));
#1945=DIRECTION('center_axis',(0.,0.,-1.));
#1946=DIRECTION('ref_axis',(1.,0.,0.));
#1947=DIRECTION('center_axis',(0.,0.,1.));
#1948=DIRECTION('ref_axis',(1.,0.,0.));
#1949=DIRECTION('center_axis',(0.,0.,-1.));
#1950=DIRECTION('ref_axis',(1.,0.,0.));
#1951=DIRECTION('',(1.,0.,0.));
#1952=DIRECTION('',(0.,-1.,0.));
#1953=DIRECTION('',(-1.,0.,0.));
#1954=DIRECTION('',(0.,1.,0.));
#1955=DIRECTION('',(1.,0.,0.));
#1956=DIRECTION('center_axis',(0.,0.,-1.));
#1957=DIRECTION('ref_axis',(1.,0.,0.));
#1958=DIRECTION('',(1.,0.,0.));
#1959=DIRECTION('center_axis',(0.,0.,-1.));
#1960=DIRECTION('ref_axis',(1.,0.,0.));
#1961=DIRECTION('',(1.,0.,0.));
#1962=DIRECTION('center_axis',(0.,-1.,0.));
#1963=DIRECTION('ref_axis',(1.,0.,0.));
#1964=DIRECTION('',(0.,0.,-1.));
#1965=DIRECTION('',(0.,0.,1.));
#1966=DIRECTION('',(1.,0.,0.));
#1967=DIRECTION('center_axis',(0.,-1.,0.));
#1968=DIRECTION('ref_axis',(1.,0.,0.));
#1969=DIRECTION('',(0.,0.,-1.));
#1970=DIRECTION('',(0.,0.,1.));
#1971=DIRECTION('',(1.,0.,0.));
#1972=DIRECTION('center_axis',(0.,-1.,0.));
#1973=DIRECTION('ref_axis',(1.,0.,0.));
#1974=DIRECTION('',(0.,0.,-1.));
#1975=DIRECTION('',(0.,0.,1.));
#1976=DIRECTION('',(1.,0.,0.));
#1977=DIRECTION('center_axis',(0.,1.,0.));
#1978=DIRECTION('ref_axis',(-1.,0.,0.));
#1979=DIRECTION('',(-1.,0.,0.));
#1980=DIRECTION('',(0.,0.,1.));
#1981=DIRECTION('',(0.,0.,1.));
#1982=DIRECTION('center_axis',(1.,0.,0.));
#1983=DIRECTION('ref_axis',(0.,1.,0.));
#1984=DIRECTION('',(0.,1.,0.));
#1985=DIRECTION('center_axis',(0.,-1.,0.));
#1986=DIRECTION('ref_axis',(1.,0.,0.));
#1987=DIRECTION('',(0.,0.,1.));
#1988=DIRECTION('',(1.,0.,0.));
#1989=DIRECTION('',(0.,0.,1.));
#1990=DIRECTION('center_axis',(-1.,0.,0.));
#1991=DIRECTION('ref_axis',(0.,-1.,0.));
#1992=DIRECTION('',(0.,-1.,0.));
#1993=DIRECTION('center_axis',(0.,0.,1.));
#1994=DIRECTION('ref_axis',(1.,0.,0.));
#1995=DIRECTION('center_axis',(0.,0.,1.));
#1996=DIRECTION('ref_axis',(1.,0.,0.));
#1997=DIRECTION('center_axis',(0.,0.,1.));
#1998=DIRECTION('ref_axis',(1.,0.,0.));
#1999=DIRECTION('center_axis',(0.,0.,1.));
#2000=DIRECTION('ref_axis',(1.,0.,0.));
#2001=DIRECTION('',(-1.,0.,0.));
#2002=DIRECTION('',(0.,-1.,0.));
#2003=DIRECTION('',(1.,0.,0.));
#2004=DIRECTION('',(0.,1.,0.));
#2005=DIRECTION('',(-1.,0.,0.));
#2006=DIRECTION('',(0.,-1.,0.));
#2007=DIRECTION('',(1.,0.,0.));
#2008=DIRECTION('',(0.,1.,0.));
#2009=DIRECTION('center_axis',(0.,0.,1.));
#2010=DIRECTION('ref_axis',(1.,0.,0.));
#2011=DIRECTION('center_axis',(0.,0.,1.));
#2012=DIRECTION('ref_axis',(1.,0.,0.));
#2013=DIRECTION('center_axis',(0.,0.,1.));
#2014=DIRECTION('ref_axis',(1.,0.,0.));
#2015=DIRECTION('center_axis',(0.,0.,1.));
#2016=DIRECTION('ref_axis',(1.,0.,0.));
#2017=DIRECTION('center_axis',(0.,0.,1.));
#2018=DIRECTION('ref_axis',(1.,0.,0.));
#2019=DIRECTION('center_axis',(0.,0.,1.));
#2020=DIRECTION('ref_axis',(1.,0.,0.));
#2021=DIRECTION('center_axis',(0.,0.,1.));
#2022=DIRECTION('ref_axis',(1.,0.,0.));
#2023=DIRECTION('center_axis',(0.,0.,1.));
#2024=DIRECTION('ref_axis',(1.,0.,0.));
#2025=DIRECTION('',(-1.,0.,0.));
#2026=DIRECTION('',(0.,-1.,0.));
#2027=DIRECTION('',(1.,0.,0.));
#2028=DIRECTION('',(0.,1.,0.));
#2029=DIRECTION('',(-1.,0.,0.));
#2030=DIRECTION('',(0.,-1.,0.));
#2031=DIRECTION('',(1.,0.,0.));
#2032=DIRECTION('',(0.,1.,0.));
#2033=DIRECTION('center_axis',(0.,0.,1.));
#2034=DIRECTION('ref_axis',(1.,0.,0.));
#2035=DIRECTION('center_axis',(0.,0.,1.));
#2036=DIRECTION('ref_axis',(1.,0.,0.));
#2037=DIRECTION('center_axis',(0.,0.,1.));
#2038=DIRECTION('ref_axis',(1.,0.,0.));
#2039=DIRECTION('center_axis',(0.,0.,1.));
#2040=DIRECTION('ref_axis',(1.,0.,0.));
#2041=DIRECTION('center_axis',(0.,0.,1.));
#2042=DIRECTION('ref_axis',(1.,0.,0.));
#2043=DIRECTION('',(0.,0.,1.));
#2044=DIRECTION('center_axis',(0.,0.,-1.));
#2045=DIRECTION('ref_axis',(1.,0.,0.));
#2046=DIRECTION('center_axis',(0.,0.,1.));
#2047=DIRECTION('ref_axis',(1.,0.,0.));
#2048=DIRECTION('center_axis',(0.,0.,-1.));
#2049=DIRECTION('ref_axis',(1.,0.,0.));
#2050=DIRECTION('center_axis',(0.,0.,-1.));
#2051=DIRECTION('ref_axis',(1.,0.,0.));
#2052=DIRECTION('',(0.,0.,-1.));
#2053=DIRECTION('center_axis',(0.,0.,-1.));
#2054=DIRECTION('ref_axis',(1.,0.,0.));
#2055=DIRECTION('center_axis',(0.,0.,1.));
#2056=DIRECTION('ref_axis',(1.,0.,0.));
#2057=DIRECTION('center_axis',(0.,0.,1.));
#2058=DIRECTION('ref_axis',(1.,0.,0.));
#2059=DIRECTION('center_axis',(0.,0.,-1.));
#2060=DIRECTION('ref_axis',(1.,0.,0.));
#2061=DIRECTION('center_axis',(0.,0.,-1.));
#2062=DIRECTION('ref_axis',(1.,0.,0.));
#2063=DIRECTION('',(0.,0.,-1.));
#2064=DIRECTION('center_axis',(0.,0.,-1.));
#2065=DIRECTION('ref_axis',(1.,0.,0.));
#2066=DIRECTION('center_axis',(0.,0.,1.));
#2067=DIRECTION('ref_axis',(1.,0.,0.));
#2068=DIRECTION('center_axis',(0.,0.,1.));
#2069=DIRECTION('ref_axis',(1.,0.,0.));
#2070=DIRECTION('center_axis',(0.,0.,-1.));
#2071=DIRECTION('ref_axis',(1.,0.,0.));
#2072=DIRECTION('center_axis',(0.,0.,-1.));
#2073=DIRECTION('ref_axis',(1.,0.,0.));
#2074=DIRECTION('',(0.,0.,-1.));
#2075=DIRECTION('center_axis',(0.,0.,-1.));
#2076=DIRECTION('ref_axis',(1.,0.,0.));
#2077=DIRECTION('center_axis',(0.,0.,1.));
#2078=DIRECTION('ref_axis',(1.,0.,0.));
#2079=DIRECTION('center_axis',(0.,0.,1.));
#2080=DIRECTION('ref_axis',(1.,0.,0.));
#2081=DIRECTION('center_axis',(0.,0.,-1.));
#2082=DIRECTION('ref_axis',(1.,0.,0.));
#2083=DIRECTION('center_axis',(0.,0.,-1.));
#2084=DIRECTION('ref_axis',(1.,0.,0.));
#2085=DIRECTION('',(0.,0.,-1.));
#2086=DIRECTION('center_axis',(0.,0.,-1.));
#2087=DIRECTION('ref_axis',(1.,0.,0.));
#2088=DIRECTION('center_axis',(0.,0.,1.));
#2089=DIRECTION('ref_axis',(1.,0.,0.));
#2090=DIRECTION('center_axis',(0.,0.,1.));
#2091=DIRECTION('ref_axis',(1.,0.,0.));
#2092=DIRECTION('center_axis',(0.,1.,0.));
#2093=DIRECTION('ref_axis',(-1.,0.,0.));
#2094=DIRECTION('',(-1.,0.,0.));
#2095=DIRECTION('',(0.,0.,1.));
#2096=DIRECTION('',(1.,0.,0.));
#2097=DIRECTION('',(0.,0.,1.));
#2098=DIRECTION('center_axis',(1.,0.,0.));
#2099=DIRECTION('ref_axis',(0.,1.,0.));
#2100=DIRECTION('',(0.,1.,0.));
#2101=DIRECTION('',(0.,0.,1.));
#2102=DIRECTION('',(0.,-1.,0.));
#2103=DIRECTION('center_axis',(0.,-1.,0.));
#2104=DIRECTION('ref_axis',(1.,0.,0.));
#2105=DIRECTION('',(1.,0.,0.));
#2106=DIRECTION('',(0.,0.,1.));
#2107=DIRECTION('',(-1.,0.,0.));
#2108=DIRECTION('center_axis',(-1.,0.,0.));
#2109=DIRECTION('ref_axis',(0.,-1.,0.));
#2110=DIRECTION('',(0.,-1.,0.));
#2111=DIRECTION('',(0.,1.,0.));
#2112=DIRECTION('center_axis',(0.,1.,0.));
#2113=DIRECTION('ref_axis',(-1.,0.,0.));
#2114=DIRECTION('',(0.,0.,1.));
#2115=DIRECTION('',(1.,0.,0.));
#2116=DIRECTION('',(0.,0.,1.));
#2117=DIRECTION('center_axis',(1.,0.,0.));
#2118=DIRECTION('ref_axis',(0.,1.,0.));
#2119=DIRECTION('',(0.,0.,1.));
#2120=DIRECTION('',(0.,-1.,0.));
#2121=DIRECTION('center_axis',(0.,-1.,0.));
#2122=DIRECTION('ref_axis',(1.,0.,0.));
#2123=DIRECTION('',(0.,0.,1.));
#2124=DIRECTION('',(-1.,0.,0.));
#2125=DIRECTION('center_axis',(-1.,0.,0.));
#2126=DIRECTION('ref_axis',(0.,-1.,0.));
#2127=DIRECTION('',(0.,1.,0.));
#2128=DIRECTION('center_axis',(0.,1.,0.));
#2129=DIRECTION('ref_axis',(-1.,0.,0.));
#2130=DIRECTION('',(0.,0.,1.));
#2131=DIRECTION('',(1.,0.,0.));
#2132=DIRECTION('',(0.,0.,1.));
#2133=DIRECTION('center_axis',(1.,0.,0.));
#2134=DIRECTION('ref_axis',(0.,1.,0.));
#2135=DIRECTION('',(0.,0.,1.));
#2136=DIRECTION('',(0.,-1.,0.));
#2137=DIRECTION('center_axis',(0.,-1.,0.));
#2138=DIRECTION('ref_axis',(1.,0.,0.));
#2139=DIRECTION('',(0.,0.,1.));
#2140=DIRECTION('',(-1.,0.,0.));
#2141=DIRECTION('center_axis',(-1.,0.,0.));
#2142=DIRECTION('ref_axis',(0.,-1.,0.));
#2143=DIRECTION('',(0.,1.,0.));
#2144=DIRECTION('center_axis',(0.,1.,0.));
#2145=DIRECTION('ref_axis',(-1.,0.,0.));
#2146=DIRECTION('',(-1.,0.,0.));
#2147=DIRECTION('',(0.,0.,1.));
#2148=DIRECTION('',(1.,0.,0.));
#2149=DIRECTION('',(0.,0.,1.));
#2150=DIRECTION('center_axis',(1.,0.,0.));
#2151=DIRECTION('ref_axis',(0.,1.,0.));
#2152=DIRECTION('',(0.,1.,0.));
#2153=DIRECTION('',(0.,0.,1.));
#2154=DIRECTION('',(0.,-1.,0.));
#2155=DIRECTION('center_axis',(0.,-1.,0.));
#2156=DIRECTION('ref_axis',(1.,0.,0.));
#2157=DIRECTION('',(1.,0.,0.));
#2158=DIRECTION('',(0.,0.,1.));
#2159=DIRECTION('',(-1.,0.,0.));
#2160=DIRECTION('center_axis',(-1.,0.,0.));
#2161=DIRECTION('ref_axis',(0.,-1.,0.));
#2162=DIRECTION('',(0.,-1.,0.));
#2163=DIRECTION('',(0.,1.,0.));
#2164=DIRECTION('center_axis',(0.,1.,0.));
#2165=DIRECTION('ref_axis',(-1.,0.,0.));
#2166=DIRECTION('',(0.,0.,1.));
#2167=DIRECTION('',(1.,0.,0.));
#2168=DIRECTION('',(0.,0.,1.));
#2169=DIRECTION('center_axis',(1.,0.,0.));
#2170=DIRECTION('ref_axis',(0.,1.,0.));
#2171=DIRECTION('',(0.,0.,1.));
#2172=DIRECTION('',(0.,-1.,0.));
#2173=DIRECTION('center_axis',(0.,-1.,0.));
#2174=DIRECTION('ref_axis',(1.,0.,0.));
#2175=DIRECTION('',(0.,0.,1.));
#2176=DIRECTION('',(-1.,0.,0.));
#2177=DIRECTION('center_axis',(-1.,0.,0.));
#2178=DIRECTION('ref_axis',(0.,-1.,0.));
#2179=DIRECTION('',(0.,1.,0.));
#2180=DIRECTION('center_axis',(0.,1.,0.));
#2181=DIRECTION('ref_axis',(-1.,0.,0.));
#2182=DIRECTION('',(-1.,0.,0.));
#2183=DIRECTION('',(0.,0.,1.));
#2184=DIRECTION('',(1.,0.,0.));
#2185=DIRECTION('',(0.,0.,1.));
#2186=DIRECTION('center_axis',(1.,0.,0.));
#2187=DIRECTION('ref_axis',(0.,1.,0.));
#2188=DIRECTION('',(0.,1.,0.));
#2189=DIRECTION('',(0.,0.,1.));
#2190=DIRECTION('',(0.,-1.,0.));
#2191=DIRECTION('center_axis',(0.,-1.,0.));
#2192=DIRECTION('ref_axis',(1.,0.,0.));
#2193=DIRECTION('',(1.,0.,0.));
#2194=DIRECTION('',(0.,0.,1.));
#2195=DIRECTION('',(-1.,0.,0.));
#2196=DIRECTION('center_axis',(-1.,0.,0.));
#2197=DIRECTION('ref_axis',(0.,-1.,0.));
#2198=DIRECTION('',(0.,-1.,0.));
#2199=DIRECTION('',(0.,1.,0.));
#2200=DIRECTION('center_axis',(0.,1.,0.));
#2201=DIRECTION('ref_axis',(-1.,0.,0.));
#2202=DIRECTION('',(0.,0.,1.));
#2203=DIRECTION('',(1.,0.,0.));
#2204=DIRECTION('',(0.,0.,1.));
#2205=DIRECTION('center_axis',(1.,0.,0.));
#2206=DIRECTION('ref_axis',(0.,1.,0.));
#2207=DIRECTION('',(0.,0.,1.));
#2208=DIRECTION('',(0.,-1.,0.));
#2209=DIRECTION('center_axis',(0.,-1.,0.));
#2210=DIRECTION('ref_axis',(1.,0.,0.));
#2211=DIRECTION('',(0.,0.,1.));
#2212=DIRECTION('',(-1.,0.,0.));
#2213=DIRECTION('center_axis',(-1.,0.,0.));
#2214=DIRECTION('ref_axis',(0.,-1.,0.));
#2215=DIRECTION('',(0.,1.,0.));
#2216=DIRECTION('center_axis',(0.,1.,0.));
#2217=DIRECTION('ref_axis',(-1.,0.,0.));
#2218=DIRECTION('',(-1.,0.,0.));
#2219=DIRECTION('',(0.,0.,1.));
#2220=DIRECTION('',(1.,0.,0.));
#2221=DIRECTION('',(0.,0.,1.));
#2222=DIRECTION('center_axis',(1.,0.,0.));
#2223=DIRECTION('ref_axis',(0.,1.,0.));
#2224=DIRECTION('',(0.,1.,0.));
#2225=DIRECTION('',(0.,0.,1.));
#2226=DIRECTION('',(0.,-1.,0.));
#2227=DIRECTION('center_axis',(0.,-1.,0.));
#2228=DIRECTION('ref_axis',(1.,0.,0.));
#2229=DIRECTION('',(1.,0.,0.));
#2230=DIRECTION('',(0.,0.,1.));
#2231=DIRECTION('',(-1.,0.,0.));
#2232=DIRECTION('center_axis',(-1.,0.,0.));
#2233=DIRECTION('ref_axis',(0.,-1.,0.));
#2234=DIRECTION('',(0.,-1.,0.));
#2235=DIRECTION('',(0.,1.,0.));
#2236=DIRECTION('center_axis',(0.,0.,1.));
#2237=DIRECTION('ref_axis',(1.,0.,0.));
#2238=DIRECTION('center_axis',(0.,0.,1.));
#2239=DIRECTION('ref_axis',(1.,0.,0.));
#2240=DIRECTION('',(0.,0.,1.));
#2241=DIRECTION('center_axis',(0.,0.,1.));
#2242=DIRECTION('ref_axis',(1.,0.,0.));
#2243=DIRECTION('center_axis',(0.,0.,1.));
#2244=DIRECTION('ref_axis',(1.,0.,0.));
#2245=DIRECTION('',(0.,0.,1.));
#2246=DIRECTION('center_axis',(0.,0.,1.));
#2247=DIRECTION('ref_axis',(1.,0.,0.));
#2248=DIRECTION('center_axis',(0.,0.,1.));
#2249=DIRECTION('ref_axis',(1.,0.,0.));
#2250=DIRECTION('',(0.,0.,1.));
#2251=DIRECTION('center_axis',(0.,0.,-1.));
#2252=DIRECTION('ref_axis',(1.,0.,0.));
#2253=DIRECTION('center_axis',(0.,0.,1.));
#2254=DIRECTION('ref_axis',(1.,0.,0.));
#2255=DIRECTION('',(0.,0.,1.));
#2256=DIRECTION('center_axis',(0.,0.,-1.));
#2257=DIRECTION('ref_axis',(1.,0.,0.));
#2258=DIRECTION('center_axis',(0.,0.,1.));
#2259=DIRECTION('ref_axis',(1.,0.,0.));
#2260=DIRECTION('center_axis',(0.,0.,1.));
#2261=DIRECTION('ref_axis',(1.,0.,0.));
#2262=DIRECTION('',(0.,0.,1.));
#2263=DIRECTION('center_axis',(0.,0.,-1.));
#2264=DIRECTION('ref_axis',(1.,0.,0.));
#2265=DIRECTION('center_axis',(0.,0.,1.));
#2266=DIRECTION('ref_axis',(1.,0.,0.));
#2267=DIRECTION('center_axis',(0.,0.,1.));
#2268=DIRECTION('ref_axis',(1.,0.,0.));
#2269=DIRECTION('',(0.,0.,1.));
#2270=DIRECTION('center_axis',(0.,0.,-1.));
#2271=DIRECTION('ref_axis',(1.,0.,0.));
#2272=DIRECTION('center_axis',(0.,0.,1.));
#2273=DIRECTION('ref_axis',(1.,0.,0.));
#2274=DIRECTION('',(0.,0.,1.));
#2275=DIRECTION('center_axis',(0.,0.,-1.));
#2276=DIRECTION('ref_axis',(1.,0.,0.));
#2277=DIRECTION('center_axis',(0.,0.,1.));
#2278=DIRECTION('ref_axis',(1.,0.,0.));
#2279=DIRECTION('',(0.,0.,1.));
#2280=DIRECTION('center_axis',(0.,0.,-1.));
#2281=DIRECTION('ref_axis',(1.,0.,0.));
#2282=DIRECTION('center_axis',(0.,0.,1.));
#2283=DIRECTION('ref_axis',(1.,0.,0.));
#2284=DIRECTION('center_axis',(0.,0.,1.));
#2285=DIRECTION('ref_axis',(1.,0.,0.));
#2286=DIRECTION('',(0.,0.,1.));
#2287=DIRECTION('center_axis',(0.,0.,-1.));
#2288=DIRECTION('ref_axis',(1.,0.,0.));
#2289=DIRECTION('center_axis',(0.,0.,1.));
#2290=DIRECTION('ref_axis',(1.,0.,0.));
#2291=DIRECTION('center_axis',(0.,0.,1.));
#2292=DIRECTION('ref_axis',(1.,0.,0.));
#2293=DIRECTION('',(0.,0.,1.));
#2294=DIRECTION('center_axis',(0.,0.,-1.));
#2295=DIRECTION('ref_axis',(1.,0.,0.));
#2296=DIRECTION('center_axis',(0.,0.,1.));
#2297=DIRECTION('ref_axis',(1.,0.,0.));
#2298=DIRECTION('',(0.,0.,1.));
#2299=DIRECTION('center_axis',(0.,0.,-1.));
#2300=DIRECTION('ref_axis',(1.,0.,0.));
#2301=DIRECTION('center_axis',(0.,0.,1.));
#2302=DIRECTION('ref_axis',(1.,0.,0.));
#2303=DIRECTION('',(0.,0.,1.));
#2304=DIRECTION('center_axis',(0.,0.,-1.));
#2305=DIRECTION('ref_axis',(1.,0.,0.));
#2306=DIRECTION('center_axis',(0.,0.,1.));
#2307=DIRECTION('ref_axis',(1.,0.,0.));
#2308=DIRECTION('',(0.,0.,1.));
#2309=DIRECTION('center_axis',(0.,0.,-1.));
#2310=DIRECTION('ref_axis',(1.,0.,0.));
#2311=DIRECTION('center_axis',(0.,0.,1.));
#2312=DIRECTION('ref_axis',(1.,0.,0.));
#2313=DIRECTION('',(0.,0.,1.));
#2314=DIRECTION('center_axis',(0.,0.,-1.));
#2315=DIRECTION('ref_axis',(1.,0.,0.));
#2316=DIRECTION('center_axis',(0.,0.,1.));
#2317=DIRECTION('ref_axis',(1.,0.,0.));
#2318=DIRECTION('',(0.,0.,1.));
#2319=DIRECTION('center_axis',(0.,0.,-1.));
#2320=DIRECTION('ref_axis',(1.,0.,0.));
#2321=DIRECTION('center_axis',(0.,0.,1.));
#2322=DIRECTION('ref_axis',(1.,0.,0.));
#2323=DIRECTION('center_axis',(0.,0.,1.));
#2324=DIRECTION('ref_axis',(1.,0.,0.));
#2325=DIRECTION('',(0.,0.,1.));
#2326=DIRECTION('center_axis',(0.,0.,-1.));
#2327=DIRECTION('ref_axis',(1.,0.,0.));
#2328=DIRECTION('center_axis',(0.,0.,1.));
#2329=DIRECTION('ref_axis',(1.,0.,0.));
#2330=DIRECTION('center_axis',(0.,0.,1.));
#2331=DIRECTION('ref_axis',(1.,0.,0.));
#2332=DIRECTION('',(0.,0.,1.));
#2333=DIRECTION('center_axis',(0.,0.,1.));
#2334=DIRECTION('ref_axis',(1.,0.,0.));
#2335=DIRECTION('center_axis',(0.,0.,1.));
#2336=DIRECTION('ref_axis',(1.,0.,0.));
#2337=DIRECTION('',(0.,0.,1.));
#2338=DIRECTION('center_axis',(0.,1.,0.));
#2339=DIRECTION('ref_axis',(-1.,0.,0.));
#2340=DIRECTION('',(-1.,0.,0.));
#2341=DIRECTION('',(0.,0.,1.));
#2342=DIRECTION('',(-1.,0.,0.));
#2343=DIRECTION('',(0.,0.,1.));
#2344=DIRECTION('center_axis',(1.,0.,0.));
#2345=DIRECTION('ref_axis',(0.,1.,0.));
#2346=DIRECTION('',(0.,1.,0.));
#2347=DIRECTION('',(0.,1.,0.));
#2348=DIRECTION('',(0.,0.,1.));
#2349=DIRECTION('center_axis',(0.,-1.,0.));
#2350=DIRECTION('ref_axis',(1.,0.,0.));
#2351=DIRECTION('',(1.,0.,0.));
#2352=DIRECTION('',(1.,0.,0.));
#2353=DIRECTION('',(0.,0.,1.));
#2354=DIRECTION('center_axis',(-1.,0.,0.));
#2355=DIRECTION('ref_axis',(0.,-1.,0.));
#2356=DIRECTION('',(0.,-1.,0.));
#2357=DIRECTION('',(0.,-1.,0.));
#2358=DIRECTION('center_axis',(0.,0.,1.));
#2359=DIRECTION('ref_axis',(1.,0.,0.));
#2360=DIRECTION('center_axis',(0.,0.,1.));
#2361=DIRECTION('ref_axis',(1.,0.,0.));
#2362=CARTESIAN_POINT('',(0.,0.,0.));
#2363=CARTESIAN_POINT('Origin',(97.6,4.4,0.));
#2364=CARTESIAN_POINT('',(71.4569194380618,4.4,0.));
#2365=CARTESIAN_POINT('',(71.4569194380618,4.4,2.));
#2366=CARTESIAN_POINT('',(71.4569194380618,4.4,0.));
#2367=CARTESIAN_POINT('',(97.6,4.4,0.));
#2368=CARTESIAN_POINT('',(48.8,4.4,0.));
#2369=CARTESIAN_POINT('',(97.6,4.4,2.));
#2370=CARTESIAN_POINT('',(97.6,4.4,0.));
#2371=CARTESIAN_POINT('',(97.6,4.4,2.));
#2372=CARTESIAN_POINT('Origin',(97.6,4.4,0.));
#2373=CARTESIAN_POINT('',(7.90691943806183,4.4,0.));
#2374=CARTESIAN_POINT('',(7.90691943806183,4.4,2.));
#2375=CARTESIAN_POINT('',(7.90691943806183,4.4,0.));
#2376=CARTESIAN_POINT('',(55.6430805619382,4.4,0.));
#2377=CARTESIAN_POINT('',(48.8,4.4,0.));
#2378=CARTESIAN_POINT('',(55.6430805619382,4.4,2.));
#2379=CARTESIAN_POINT('',(55.6430805619382,4.4,0.));
#2380=CARTESIAN_POINT('',(97.6,4.4,2.));
#2381=CARTESIAN_POINT('Origin',(97.6,4.4,0.));
#2382=CARTESIAN_POINT('',(-55.6430805619382,4.4,0.));
#2383=CARTESIAN_POINT('',(-55.6430805619382,4.4,2.));
#2384=CARTESIAN_POINT('',(-55.6430805619382,4.4,0.));
#2385=CARTESIAN_POINT('',(-7.90691943806183,4.4,0.));
#2386=CARTESIAN_POINT('',(48.8,4.4,0.));
#2387=CARTESIAN_POINT('',(-7.90691943806183,4.4,2.));
#2388=CARTESIAN_POINT('',(-7.90691943806183,4.4,0.));
#2389=CARTESIAN_POINT('',(97.6,4.4,2.));
#2390=CARTESIAN_POINT('Origin',(97.6,4.4,0.));
#2391=CARTESIAN_POINT('',(-71.4569194380618,4.4,2.));
#2392=CARTESIAN_POINT('',(-71.4569194380618,4.4,0.));
#2393=CARTESIAN_POINT('',(-71.4569194380618,4.4,0.));
#2394=CARTESIAN_POINT('',(-97.6,4.4,2.));
#2395=CARTESIAN_POINT('',(97.6,4.4,2.));
#2396=CARTESIAN_POINT('',(-97.6,4.4,0.));
#2397=CARTESIAN_POINT('',(-97.6,4.4,0.));
#2398=CARTESIAN_POINT('',(48.8,4.4,0.));
#2399=CARTESIAN_POINT('Origin',(97.6,2.,0.));
#2400=CARTESIAN_POINT('',(97.6,2.,0.));
#2401=CARTESIAN_POINT('',(97.6,12.1125,0.));
#2402=CARTESIAN_POINT('',(97.6,2.,2.));
#2403=CARTESIAN_POINT('',(97.6,2.,0.));
#2404=CARTESIAN_POINT('',(97.6,2.,2.));
#2405=CARTESIAN_POINT('Origin',(-97.6,2.,0.));
#2406=CARTESIAN_POINT('',(-97.6,2.,0.));
#2407=CARTESIAN_POINT('',(-48.8,2.,0.));
#2408=CARTESIAN_POINT('',(-97.6,2.,2.));
#2409=CARTESIAN_POINT('',(-97.6,2.,0.));
#2410=CARTESIAN_POINT('',(-97.6,2.,2.));
#2411=CARTESIAN_POINT('Origin',(-97.6,4.4,0.));
#2412=CARTESIAN_POINT('',(-97.6,13.3125,0.));
#2413=CARTESIAN_POINT('',(-97.6,4.4,2.));
#2414=CARTESIAN_POINT('Origin',(0.,3.2,2.));
#2415=CARTESIAN_POINT('Origin',(-63.55,22.225,2.));
#2416=CARTESIAN_POINT('Origin',(0.,22.225,2.));
#2417=CARTESIAN_POINT('Origin',(63.55,22.225,2.));
#2418=CARTESIAN_POINT('Origin',(0.,41.25,2.));
#2419=CARTESIAN_POINT('',(-71.4569194380618,40.05,2.));
#2420=CARTESIAN_POINT('',(-55.6430805619382,40.05,2.));
#2421=CARTESIAN_POINT('Origin',(-63.55,22.225,2.));
#2422=CARTESIAN_POINT('',(-97.6,40.05,2.));
#2423=CARTESIAN_POINT('',(-97.6,40.05,2.));
#2424=CARTESIAN_POINT('',(-97.6,42.45,2.));
#2425=CARTESIAN_POINT('',(-97.6,42.45,2.));
#2426=CARTESIAN_POINT('',(97.6,42.45,2.));
#2427=CARTESIAN_POINT('',(97.6,42.45,2.));
#2428=CARTESIAN_POINT('',(97.6,40.05,2.));
#2429=CARTESIAN_POINT('',(97.6,40.05,2.));
#2430=CARTESIAN_POINT('',(71.4569194380618,40.05,2.));
#2431=CARTESIAN_POINT('',(-97.6,40.05,2.));
#2432=CARTESIAN_POINT('',(55.6430805619382,40.05,2.));
#2433=CARTESIAN_POINT('Origin',(63.55,22.225,2.));
#2434=CARTESIAN_POINT('',(7.90691943806182,40.05,2.));
#2435=CARTESIAN_POINT('',(-97.6,40.05,2.));
#2436=CARTESIAN_POINT('',(-7.90691943806182,40.05,2.));
#2437=CARTESIAN_POINT('Origin',(0.,22.225,2.));
#2438=CARTESIAN_POINT('',(-97.6,40.05,2.));
#2439=CARTESIAN_POINT('Origin',(-97.6,40.05,0.));
#2440=CARTESIAN_POINT('',(71.4569194380618,40.05,0.));
#2441=CARTESIAN_POINT('',(71.4569194380618,40.05,0.));
#2442=CARTESIAN_POINT('',(97.6,40.05,0.));
#2443=CARTESIAN_POINT('',(97.6,40.05,0.));
#2444=CARTESIAN_POINT('',(-48.8,40.05,0.));
#2445=CARTESIAN_POINT('Origin',(-97.6,40.05,0.));
#2446=CARTESIAN_POINT('',(7.90691943806182,40.05,0.));
#2447=CARTESIAN_POINT('',(7.90691943806182,40.05,0.));
#2448=CARTESIAN_POINT('',(55.6430805619382,40.05,0.));
#2449=CARTESIAN_POINT('',(55.6430805619382,40.05,0.));
#2450=CARTESIAN_POINT('',(-48.8,40.05,0.));
#2451=CARTESIAN_POINT('Origin',(-97.6,40.05,0.));
#2452=CARTESIAN_POINT('',(-55.6430805619382,40.05,0.));
#2453=CARTESIAN_POINT('',(-55.6430805619382,40.05,0.));
#2454=CARTESIAN_POINT('',(-7.90691943806182,40.05,0.));
#2455=CARTESIAN_POINT('',(-7.90691943806182,40.05,0.));
#2456=CARTESIAN_POINT('',(-48.8,40.05,0.));
#2457=CARTESIAN_POINT('Origin',(97.6,42.45,0.));
#2458=CARTESIAN_POINT('',(97.6,42.45,0.));
#2459=CARTESIAN_POINT('',(-97.6,42.45,0.));
#2460=CARTESIAN_POINT('',(48.8,42.45,0.));
#2461=CARTESIAN_POINT('',(97.6,42.45,0.));
#2462=CARTESIAN_POINT('',(-97.6,42.45,0.));
#2463=CARTESIAN_POINT('Origin',(97.6,40.05,0.));
#2464=CARTESIAN_POINT('',(97.6,31.1375,0.));
#2465=CARTESIAN_POINT('Origin',(-97.6,40.05,0.));
#2466=CARTESIAN_POINT('',(-71.4569194380618,40.05,0.));
#2467=CARTESIAN_POINT('',(-71.4569194380618,40.05,0.));
#2468=CARTESIAN_POINT('',(-97.6,40.05,0.));
#2469=CARTESIAN_POINT('',(-48.8,40.05,0.));
#2470=CARTESIAN_POINT('',(-97.6,40.05,0.));
#2471=CARTESIAN_POINT('Origin',(-97.6,42.45,0.));
#2472=CARTESIAN_POINT('',(-97.6,32.3375,0.));
#2473=CARTESIAN_POINT('Origin',(0.,22.225,0.));
#2474=CARTESIAN_POINT('Origin',(0.,22.225,0.));
#2475=CARTESIAN_POINT('',(44.05,22.225,0.));
#2476=CARTESIAN_POINT('Origin',(63.55,22.225,0.));
#2477=CARTESIAN_POINT('Origin',(63.55,22.225,0.));
#2478=CARTESIAN_POINT('',(33.03,20.,0.));
#2479=CARTESIAN_POINT('',(30.53,20.,0.));
#2480=CARTESIAN_POINT('',(16.515,20.,0.));
#2481=CARTESIAN_POINT('',(30.53,15.,0.));
#2482=CARTESIAN_POINT('',(30.53,21.1125,0.));
#2483=CARTESIAN_POINT('',(33.03,15.,0.));
#2484=CARTESIAN_POINT('',(15.265,15.,0.));
#2485=CARTESIAN_POINT('',(33.03,18.6125,0.));
#2486=CARTESIAN_POINT('',(33.03,29.5,0.));
#2487=CARTESIAN_POINT('',(30.53,29.5,0.));
#2488=CARTESIAN_POINT('',(16.515,29.5,0.));
#2489=CARTESIAN_POINT('',(30.53,24.5,0.));
#2490=CARTESIAN_POINT('',(30.53,25.8625,0.));
#2491=CARTESIAN_POINT('',(33.03,24.5,0.));
#2492=CARTESIAN_POINT('',(15.265,24.5,0.));
#2493=CARTESIAN_POINT('',(33.03,23.3625,0.));
#2494=CARTESIAN_POINT('',(45.75,38.225,0.));
#2495=CARTESIAN_POINT('Origin',(47.55,38.225,0.));
#2496=CARTESIAN_POINT('',(14.2,38.225,0.));
#2497=CARTESIAN_POINT('Origin',(16.,38.225,0.));
#2498=CARTESIAN_POINT('',(14.2,6.225,0.));
#2499=CARTESIAN_POINT('Origin',(16.,6.225,0.));
#2500=CARTESIAN_POINT('',(45.75,6.225,0.));
#2501=CARTESIAN_POINT('Origin',(47.55,6.225,0.));
#2502=CARTESIAN_POINT('Origin',(0.,22.225,0.));
#2503=CARTESIAN_POINT('Origin',(-63.55,22.225,0.));
#2504=CARTESIAN_POINT('',(-19.5,22.225,0.));
#2505=CARTESIAN_POINT('Origin',(0.,22.225,0.));
#2506=CARTESIAN_POINT('Origin',(0.,22.225,0.));
#2507=CARTESIAN_POINT('',(-30.53,29.5,0.));
#2508=CARTESIAN_POINT('',(-33.03,29.5,0.));
#2509=CARTESIAN_POINT('',(-15.265,29.5,0.));
#2510=CARTESIAN_POINT('',(-33.03,24.5,0.));
#2511=CARTESIAN_POINT('',(-33.03,25.8625,0.));
#2512=CARTESIAN_POINT('',(-30.53,24.5,0.));
#2513=CARTESIAN_POINT('',(-16.515,24.5,0.));
#2514=CARTESIAN_POINT('',(-30.53,23.3625,0.));
#2515=CARTESIAN_POINT('',(-30.53,20.,0.));
#2516=CARTESIAN_POINT('',(-33.03,20.,0.));
#2517=CARTESIAN_POINT('',(-15.265,20.,0.));
#2518=CARTESIAN_POINT('',(-33.03,15.,0.));
#2519=CARTESIAN_POINT('',(-33.03,21.1125,0.));
#2520=CARTESIAN_POINT('',(-30.53,15.,0.));
#2521=CARTESIAN_POINT('',(-16.515,15.,0.));
#2522=CARTESIAN_POINT('',(-30.53,18.6125,0.));
#2523=CARTESIAN_POINT('',(-17.8,38.225,0.));
#2524=CARTESIAN_POINT('Origin',(-16.,38.225,0.));
#2525=CARTESIAN_POINT('',(-49.35,6.225,0.));
#2526=CARTESIAN_POINT('Origin',(-47.55,6.225,0.));
#2527=CARTESIAN_POINT('',(-49.35,38.225,0.));
#2528=CARTESIAN_POINT('Origin',(-47.55,38.225,0.));
#2529=CARTESIAN_POINT('',(-17.8,6.225,0.));
#2530=CARTESIAN_POINT('Origin',(-16.,6.225,0.));
#2531=CARTESIAN_POINT('Origin',(63.55,22.225,0.));
#2532=CARTESIAN_POINT('',(44.05,22.225,4.));
#2533=CARTESIAN_POINT('',(44.05,22.225,0.));
#2534=CARTESIAN_POINT('Origin',(63.55,22.225,4.));
#2535=CARTESIAN_POINT('Origin',(63.55,22.225,0.));
#2536=CARTESIAN_POINT('Origin',(102.82,15.,4.));
#2537=CARTESIAN_POINT('',(99.57,15.,4.));
#2538=CARTESIAN_POINT('Origin',(102.82,15.,4.));
#2539=CARTESIAN_POINT('',(99.57,15.,2.));
#2540=CARTESIAN_POINT('',(99.57,15.,4.));
#2541=CARTESIAN_POINT('Origin',(102.82,15.,2.));
#2542=CARTESIAN_POINT('Origin',(102.82,15.,2.));
#2543=CARTESIAN_POINT('',(101.12,15.,2.));
#2544=CARTESIAN_POINT('Origin',(102.82,15.,2.));
#2545=CARTESIAN_POINT('Origin',(-102.82,29.45,4.));
#2546=CARTESIAN_POINT('',(-106.07,29.45,4.));
#2547=CARTESIAN_POINT('Origin',(-102.82,29.45,4.));
#2548=CARTESIAN_POINT('',(-106.07,29.45,2.));
#2549=CARTESIAN_POINT('',(-106.07,29.45,4.));
#2550=CARTESIAN_POINT('Origin',(-102.82,29.45,2.));
#2551=CARTESIAN_POINT('Origin',(-102.82,29.45,2.));
#2552=CARTESIAN_POINT('',(-104.52,29.45,2.));
#2553=CARTESIAN_POINT('Origin',(-102.82,29.45,2.));
#2554=CARTESIAN_POINT('Origin',(-102.82,15.,4.));
#2555=CARTESIAN_POINT('',(-106.07,15.,4.));
#2556=CARTESIAN_POINT('Origin',(-102.82,15.,4.));
#2557=CARTESIAN_POINT('',(-106.07,15.,2.));
#2558=CARTESIAN_POINT('',(-106.07,15.,4.));
#2559=CARTESIAN_POINT('Origin',(-102.82,15.,2.));
#2560=CARTESIAN_POINT('Origin',(-102.82,15.,2.));
#2561=CARTESIAN_POINT('',(-104.52,15.,2.));
#2562=CARTESIAN_POINT('Origin',(-102.82,15.,2.));
#2563=CARTESIAN_POINT('Origin',(102.82,29.45,4.));
#2564=CARTESIAN_POINT('',(99.57,29.45,4.));
#2565=CARTESIAN_POINT('Origin',(102.82,29.45,4.));
#2566=CARTESIAN_POINT('',(99.57,29.45,2.));
#2567=CARTESIAN_POINT('',(99.57,29.45,4.));
#2568=CARTESIAN_POINT('Origin',(102.82,29.45,2.));
#2569=CARTESIAN_POINT('Origin',(102.82,29.45,2.));
#2570=CARTESIAN_POINT('',(101.12,29.45,2.));
#2571=CARTESIAN_POINT('Origin',(102.82,29.45,2.));
#2572=CARTESIAN_POINT('Origin',(90.69,20.,0.));
#2573=CARTESIAN_POINT('',(90.69,20.,0.));
#2574=CARTESIAN_POINT('',(88.19,20.,0.));
#2575=CARTESIAN_POINT('',(45.345,20.,0.));
#2576=CARTESIAN_POINT('',(90.69,20.,4.));
#2577=CARTESIAN_POINT('',(90.69,20.,0.));
#2578=CARTESIAN_POINT('',(88.19,20.,4.));
#2579=CARTESIAN_POINT('',(45.345,20.,4.));
#2580=CARTESIAN_POINT('',(88.19,20.,0.));
#2581=CARTESIAN_POINT('Origin',(90.69,15.,0.));
#2582=CARTESIAN_POINT('',(90.69,15.,0.));
#2583=CARTESIAN_POINT('',(90.69,18.6125,0.));
#2584=CARTESIAN_POINT('',(90.69,15.,4.));
#2585=CARTESIAN_POINT('',(90.69,15.,0.));
#2586=CARTESIAN_POINT('',(90.69,18.6125,4.));
#2587=CARTESIAN_POINT('Origin',(88.19,15.,0.));
#2588=CARTESIAN_POINT('',(88.19,15.,0.));
#2589=CARTESIAN_POINT('',(44.095,15.,0.));
#2590=CARTESIAN_POINT('',(88.19,15.,4.));
#2591=CARTESIAN_POINT('',(88.19,15.,0.));
#2592=CARTESIAN_POINT('',(44.095,15.,4.));
#2593=CARTESIAN_POINT('Origin',(88.19,20.,0.));
#2594=CARTESIAN_POINT('',(88.19,21.1125,0.));
#2595=CARTESIAN_POINT('',(88.19,21.1125,4.));
#2596=CARTESIAN_POINT('Origin',(33.03,20.,0.));
#2597=CARTESIAN_POINT('',(33.03,20.,4.));
#2598=CARTESIAN_POINT('',(33.03,20.,0.));
#2599=CARTESIAN_POINT('',(30.53,20.,4.));
#2600=CARTESIAN_POINT('',(16.515,20.,4.));
#2601=CARTESIAN_POINT('',(30.53,20.,0.));
#2602=CARTESIAN_POINT('Origin',(33.03,15.,0.));
#2603=CARTESIAN_POINT('',(33.03,15.,4.));
#2604=CARTESIAN_POINT('',(33.03,15.,0.));
#2605=CARTESIAN_POINT('',(33.03,18.6125,4.));
#2606=CARTESIAN_POINT('Origin',(30.53,15.,0.));
#2607=CARTESIAN_POINT('',(30.53,15.,4.));
#2608=CARTESIAN_POINT('',(30.53,15.,0.));
#2609=CARTESIAN_POINT('',(15.265,15.,4.));
#2610=CARTESIAN_POINT('Origin',(30.53,20.,0.));
#2611=CARTESIAN_POINT('',(30.53,21.1125,4.));
#2612=CARTESIAN_POINT('Origin',(-30.53,29.5,0.));
#2613=CARTESIAN_POINT('',(-30.53,29.5,4.));
#2614=CARTESIAN_POINT('',(-30.53,29.5,0.));
#2615=CARTESIAN_POINT('',(-33.03,29.5,4.));
#2616=CARTESIAN_POINT('',(-15.265,29.5,4.));
#2617=CARTESIAN_POINT('',(-33.03,29.5,0.));
#2618=CARTESIAN_POINT('Origin',(-30.53,24.5,0.));
#2619=CARTESIAN_POINT('',(-30.53,24.5,4.));
#2620=CARTESIAN_POINT('',(-30.53,24.5,0.));
#2621=CARTESIAN_POINT('',(-30.53,23.3625,4.));
#2622=CARTESIAN_POINT('Origin',(-33.03,24.5,0.));
#2623=CARTESIAN_POINT('',(-33.03,24.5,4.));
#2624=CARTESIAN_POINT('',(-33.03,24.5,0.));
#2625=CARTESIAN_POINT('',(-16.515,24.5,4.));
#2626=CARTESIAN_POINT('Origin',(-33.03,29.5,0.));
#2627=CARTESIAN_POINT('',(-33.03,25.8625,4.));
#2628=CARTESIAN_POINT('Origin',(-88.19,29.5,0.));
#2629=CARTESIAN_POINT('',(-88.19,29.5,0.));
#2630=CARTESIAN_POINT('',(-90.69,29.5,0.));
#2631=CARTESIAN_POINT('',(-44.095,29.5,0.));
#2632=CARTESIAN_POINT('',(-88.19,29.5,4.));
#2633=CARTESIAN_POINT('',(-88.19,29.5,0.));
#2634=CARTESIAN_POINT('',(-90.69,29.5,4.));
#2635=CARTESIAN_POINT('',(-44.095,29.5,4.));
#2636=CARTESIAN_POINT('',(-90.69,29.5,0.));
#2637=CARTESIAN_POINT('Origin',(-88.19,24.5,0.));
#2638=CARTESIAN_POINT('',(-88.19,24.5,0.));
#2639=CARTESIAN_POINT('',(-88.19,23.3625,0.));
#2640=CARTESIAN_POINT('',(-88.19,24.5,4.));
#2641=CARTESIAN_POINT('',(-88.19,24.5,0.));
#2642=CARTESIAN_POINT('',(-88.19,23.3625,4.));
#2643=CARTESIAN_POINT('Origin',(-90.69,24.5,0.));
#2644=CARTESIAN_POINT('',(-90.69,24.5,0.));
#2645=CARTESIAN_POINT('',(-45.345,24.5,0.));
#2646=CARTESIAN_POINT('',(-90.69,24.5,4.));
#2647=CARTESIAN_POINT('',(-90.69,24.5,0.));
#2648=CARTESIAN_POINT('',(-45.345,24.5,4.));
#2649=CARTESIAN_POINT('Origin',(-90.69,29.5,0.));
#2650=CARTESIAN_POINT('',(-90.69,25.8625,0.));
#2651=CARTESIAN_POINT('',(-90.69,25.8625,4.));
#2652=CARTESIAN_POINT('Origin',(-30.53,20.,0.));
#2653=CARTESIAN_POINT('',(-30.53,20.,4.));
#2654=CARTESIAN_POINT('',(-30.53,20.,0.));
#2655=CARTESIAN_POINT('',(-33.03,20.,4.));
#2656=CARTESIAN_POINT('',(-15.265,20.,4.));
#2657=CARTESIAN_POINT('',(-33.03,20.,0.));
#2658=CARTESIAN_POINT('Origin',(-30.53,15.,0.));
#2659=CARTESIAN_POINT('',(-30.53,15.,4.));
#2660=CARTESIAN_POINT('',(-30.53,15.,0.));
#2661=CARTESIAN_POINT('',(-30.53,18.6125,4.));
#2662=CARTESIAN_POINT('Origin',(-33.03,15.,0.));
#2663=CARTESIAN_POINT('',(-33.03,15.,4.));
#2664=CARTESIAN_POINT('',(-33.03,15.,0.));
#2665=CARTESIAN_POINT('',(-16.515,15.,4.));
#2666=CARTESIAN_POINT('Origin',(-33.03,20.,0.));
#2667=CARTESIAN_POINT('',(-33.03,21.1125,4.));
#2668=CARTESIAN_POINT('Origin',(-88.19,20.,0.));
#2669=CARTESIAN_POINT('',(-88.19,20.,0.));
#2670=CARTESIAN_POINT('',(-90.69,20.,0.));
#2671=CARTESIAN_POINT('',(-44.095,20.,0.));
#2672=CARTESIAN_POINT('',(-88.19,20.,4.));
#2673=CARTESIAN_POINT('',(-88.19,20.,0.));
#2674=CARTESIAN_POINT('',(-90.69,20.,4.));
#2675=CARTESIAN_POINT('',(-44.095,20.,4.));
#2676=CARTESIAN_POINT('',(-90.69,20.,0.));
#2677=CARTESIAN_POINT('Origin',(-88.19,15.,0.));
#2678=CARTESIAN_POINT('',(-88.19,15.,0.));
#2679=CARTESIAN_POINT('',(-88.19,18.6125,0.));
#2680=CARTESIAN_POINT('',(-88.19,15.,4.));
#2681=CARTESIAN_POINT('',(-88.19,15.,0.));
#2682=CARTESIAN_POINT('',(-88.19,18.6125,4.));
#2683=CARTESIAN_POINT('Origin',(-90.69,15.,0.));
#2684=CARTESIAN_POINT('',(-90.69,15.,0.));
#2685=CARTESIAN_POINT('',(-45.345,15.,0.));
#2686=CARTESIAN_POINT('',(-90.69,15.,4.));
#2687=CARTESIAN_POINT('',(-90.69,15.,0.));
#2688=CARTESIAN_POINT('',(-45.345,15.,4.));
#2689=CARTESIAN_POINT('Origin',(-90.69,20.,0.));
#2690=CARTESIAN_POINT('',(-90.69,21.1125,0.));
#2691=CARTESIAN_POINT('',(-90.69,21.1125,4.));
#2692=CARTESIAN_POINT('Origin',(33.03,29.5,0.));
#2693=CARTESIAN_POINT('',(33.03,29.5,4.));
#2694=CARTESIAN_POINT('',(33.03,29.5,0.));
#2695=CARTESIAN_POINT('',(30.53,29.5,4.));
#2696=CARTESIAN_POINT('',(16.515,29.5,4.));
#2697=CARTESIAN_POINT('',(30.53,29.5,0.));
#2698=CARTESIAN_POINT('Origin',(33.03,24.5,0.));
#2699=CARTESIAN_POINT('',(33.03,24.5,4.));
#2700=CARTESIAN_POINT('',(33.03,24.5,0.));
#2701=CARTESIAN_POINT('',(33.03,23.3625,4.));
#2702=CARTESIAN_POINT('Origin',(30.53,24.5,0.));
#2703=CARTESIAN_POINT('',(30.53,24.5,4.));
#2704=CARTESIAN_POINT('',(30.53,24.5,0.));
#2705=CARTESIAN_POINT('',(15.265,24.5,4.));
#2706=CARTESIAN_POINT('Origin',(30.53,29.5,0.));
#2707=CARTESIAN_POINT('',(30.53,25.8625,4.));
#2708=CARTESIAN_POINT('Origin',(90.69,29.5,0.));
#2709=CARTESIAN_POINT('',(90.69,29.5,0.));
#2710=CARTESIAN_POINT('',(88.19,29.5,0.));
#2711=CARTESIAN_POINT('',(45.345,29.5,0.));
#2712=CARTESIAN_POINT('',(90.69,29.5,4.));
#2713=CARTESIAN_POINT('',(90.69,29.5,0.));
#2714=CARTESIAN_POINT('',(88.19,29.5,4.));
#2715=CARTESIAN_POINT('',(45.345,29.5,4.));
#2716=CARTESIAN_POINT('',(88.19,29.5,0.));
#2717=CARTESIAN_POINT('Origin',(90.69,24.5,0.));
#2718=CARTESIAN_POINT('',(90.69,24.5,0.));
#2719=CARTESIAN_POINT('',(90.69,23.3625,0.));
#2720=CARTESIAN_POINT('',(90.69,24.5,4.));
#2721=CARTESIAN_POINT('',(90.69,24.5,0.));
#2722=CARTESIAN_POINT('',(90.69,23.3625,4.));
#2723=CARTESIAN_POINT('Origin',(88.19,24.5,0.));
#2724=CARTESIAN_POINT('',(88.19,24.5,0.));
#2725=CARTESIAN_POINT('',(44.095,24.5,0.));
#2726=CARTESIAN_POINT('',(88.19,24.5,4.));
#2727=CARTESIAN_POINT('',(88.19,24.5,0.));
#2728=CARTESIAN_POINT('',(44.095,24.5,4.));
#2729=CARTESIAN_POINT('Origin',(88.19,29.5,0.));
#2730=CARTESIAN_POINT('',(88.19,25.8625,0.));
#2731=CARTESIAN_POINT('',(88.19,25.8625,4.));
#2732=CARTESIAN_POINT('Origin',(102.82,15.,0.));
#2733=CARTESIAN_POINT('',(101.12,15.,0.));
#2734=CARTESIAN_POINT('Origin',(102.82,15.,0.));
#2735=CARTESIAN_POINT('',(101.12,15.,0.));
#2736=CARTESIAN_POINT('Origin',(-102.82,15.,0.));
#2737=CARTESIAN_POINT('',(-104.52,15.,0.));
#2738=CARTESIAN_POINT('Origin',(-102.82,15.,0.));
#2739=CARTESIAN_POINT('',(-104.52,15.,0.));
#2740=CARTESIAN_POINT('Origin',(79.55,6.225,0.));
#2741=CARTESIAN_POINT('',(77.75,6.225,0.));
#2742=CARTESIAN_POINT('Origin',(79.55,6.225,0.));
#2743=CARTESIAN_POINT('',(77.75,6.225,4.));
#2744=CARTESIAN_POINT('',(77.75,6.225,0.));
#2745=CARTESIAN_POINT('Origin',(79.55,6.225,4.));
#2746=CARTESIAN_POINT('Origin',(47.55,6.225,0.));
#2747=CARTESIAN_POINT('',(45.75,6.225,4.));
#2748=CARTESIAN_POINT('',(45.75,6.225,0.));
#2749=CARTESIAN_POINT('Origin',(47.55,6.225,4.));
#2750=CARTESIAN_POINT('Origin',(-63.55,22.225,0.));
#2751=CARTESIAN_POINT('',(-83.05,22.225,0.));
#2752=CARTESIAN_POINT('Origin',(-63.55,22.225,0.));
#2753=CARTESIAN_POINT('',(-83.05,22.225,4.));
#2754=CARTESIAN_POINT('',(-83.05,22.225,0.));
#2755=CARTESIAN_POINT('Origin',(-63.55,22.225,4.));
#2756=CARTESIAN_POINT('Origin',(-63.55,22.225,0.));
#2757=CARTESIAN_POINT('Origin',(16.,6.225,0.));
#2758=CARTESIAN_POINT('',(14.2,6.225,4.));
#2759=CARTESIAN_POINT('',(14.2,6.225,0.));
#2760=CARTESIAN_POINT('Origin',(16.,6.225,4.));
#2761=CARTESIAN_POINT('Origin',(-16.,6.225,0.));
#2762=CARTESIAN_POINT('',(-17.8,6.225,4.));
#2763=CARTESIAN_POINT('',(-17.8,6.225,0.));
#2764=CARTESIAN_POINT('Origin',(-16.,6.225,4.));
#2765=CARTESIAN_POINT('Origin',(-47.55,38.225,0.));
#2766=CARTESIAN_POINT('',(-49.35,38.225,4.));
#2767=CARTESIAN_POINT('',(-49.35,38.225,0.));
#2768=CARTESIAN_POINT('Origin',(-47.55,38.225,4.));
#2769=CARTESIAN_POINT('Origin',(-79.55,38.225,0.));
#2770=CARTESIAN_POINT('',(-81.35,38.225,0.));
#2771=CARTESIAN_POINT('Origin',(-79.55,38.225,0.));
#2772=CARTESIAN_POINT('',(-81.35,38.225,4.));
#2773=CARTESIAN_POINT('',(-81.35,38.225,0.));
#2774=CARTESIAN_POINT('Origin',(-79.55,38.225,4.));
#2775=CARTESIAN_POINT('Origin',(-79.55,6.225,0.));
#2776=CARTESIAN_POINT('',(-81.35,6.225,0.));
#2777=CARTESIAN_POINT('Origin',(-79.55,6.225,0.));
#2778=CARTESIAN_POINT('',(-81.35,6.225,4.));
#2779=CARTESIAN_POINT('',(-81.35,6.225,0.));
#2780=CARTESIAN_POINT('Origin',(-79.55,6.225,4.));
#2781=CARTESIAN_POINT('Origin',(-47.55,6.225,0.));
#2782=CARTESIAN_POINT('',(-49.35,6.225,4.));
#2783=CARTESIAN_POINT('',(-49.35,6.225,0.));
#2784=CARTESIAN_POINT('Origin',(-47.55,6.225,4.));
#2785=CARTESIAN_POINT('Origin',(0.,22.225,0.));
#2786=CARTESIAN_POINT('',(-19.5,22.225,4.));
#2787=CARTESIAN_POINT('',(-19.5,22.225,0.));
#2788=CARTESIAN_POINT('Origin',(0.,22.225,4.));
#2789=CARTESIAN_POINT('Origin',(-16.,38.225,0.));
#2790=CARTESIAN_POINT('',(-17.8,38.225,4.));
#2791=CARTESIAN_POINT('',(-17.8,38.225,0.));
#2792=CARTESIAN_POINT('Origin',(-16.,38.225,4.));
#2793=CARTESIAN_POINT('Origin',(16.,38.225,0.));
#2794=CARTESIAN_POINT('',(14.2,38.225,4.));
#2795=CARTESIAN_POINT('',(14.2,38.225,0.));
#2796=CARTESIAN_POINT('Origin',(16.,38.225,4.));
#2797=CARTESIAN_POINT('Origin',(47.55,38.225,0.));
#2798=CARTESIAN_POINT('',(45.75,38.225,4.));
#2799=CARTESIAN_POINT('',(45.75,38.225,0.));
#2800=CARTESIAN_POINT('Origin',(47.55,38.225,4.));
#2801=CARTESIAN_POINT('Origin',(79.55,38.225,0.));
#2802=CARTESIAN_POINT('',(77.75,38.225,0.));
#2803=CARTESIAN_POINT('Origin',(79.55,38.225,0.));
#2804=CARTESIAN_POINT('',(77.75,38.225,4.));
#2805=CARTESIAN_POINT('',(77.75,38.225,0.));
#2806=CARTESIAN_POINT('Origin',(79.55,38.225,4.));
#2807=CARTESIAN_POINT('Origin',(-102.82,29.45,0.));
#2808=CARTESIAN_POINT('',(-104.52,29.45,0.));
#2809=CARTESIAN_POINT('Origin',(-102.82,29.45,0.));
#2810=CARTESIAN_POINT('',(-104.52,29.45,0.));
#2811=CARTESIAN_POINT('Origin',(102.82,29.45,0.));
#2812=CARTESIAN_POINT('',(101.12,29.45,0.));
#2813=CARTESIAN_POINT('Origin',(102.82,29.45,0.));
#2814=CARTESIAN_POINT('',(101.12,29.45,0.));
#2815=CARTESIAN_POINT('Origin',(111.,44.05,0.));
#2816=CARTESIAN_POINT('',(111.,44.05,0.));
#2817=CARTESIAN_POINT('',(-111.,44.05,0.));
#2818=CARTESIAN_POINT('',(111.,44.05,0.));
#2819=CARTESIAN_POINT('',(-111.,44.05,4.));
#2820=CARTESIAN_POINT('',(-111.,44.05,0.));
#2821=CARTESIAN_POINT('',(111.,44.05,4.));
#2822=CARTESIAN_POINT('',(111.,44.05,4.));
#2823=CARTESIAN_POINT('',(111.,44.05,0.));
#2824=CARTESIAN_POINT('Origin',(111.,0.4,0.));
#2825=CARTESIAN_POINT('',(111.,0.4,0.));
#2826=CARTESIAN_POINT('',(111.,0.4,0.));
#2827=CARTESIAN_POINT('',(111.,0.4,4.));
#2828=CARTESIAN_POINT('',(111.,0.4,4.));
#2829=CARTESIAN_POINT('',(111.,0.4,0.));
#2830=CARTESIAN_POINT('Origin',(-111.,0.4,0.));
#2831=CARTESIAN_POINT('',(-111.,0.4,0.));
#2832=CARTESIAN_POINT('',(-111.,0.4,0.));
#2833=CARTESIAN_POINT('',(-111.,0.4,4.));
#2834=CARTESIAN_POINT('',(-111.,0.4,4.));
#2835=CARTESIAN_POINT('',(-111.,0.4,0.));
#2836=CARTESIAN_POINT('Origin',(-111.,44.05,0.));
#2837=CARTESIAN_POINT('',(-111.,44.05,0.));
#2838=CARTESIAN_POINT('',(-111.,44.05,4.));
#2839=CARTESIAN_POINT('Origin',(0.,22.225,4.));
#2840=CARTESIAN_POINT('Origin',(0.,22.225,0.));
#2841=UNCERTAINTY_MEASURE_WITH_UNIT(LENGTH_MEASURE(0.01),#2845,
'DISTANCE_ACCURACY_VALUE',
'Maximum model space distance between geometric entities at asserted c
onnectivities');
#2842=UNCERTAINTY_MEASURE_WITH_UNIT(LENGTH_MEASURE(0.01),#2845,
'DISTANCE_ACCURACY_VALUE',
'Maximum model space distance between geometric entities at asserted c
onnectivities');
#2843=(
GEOMETRIC_REPRESENTATION_CONTEXT(3)
GLOBAL_UNCERTAINTY_ASSIGNED_CONTEXT((#2841))
GLOBAL_UNIT_ASSIGNED_CONTEXT((#2845,#2847,#2848))
REPRESENTATION_CONTEXT('','3D')
);
#2844=(
GEOMETRIC_REPRESENTATION_CONTEXT(3)
GLOBAL_UNCERTAINTY_ASSIGNED_CONTEXT((#2842))
GLOBAL_UNIT_ASSIGNED_CONTEXT((#2845,#2847,#2848))
REPRESENTATION_CONTEXT('','3D')
);
#2845=(
LENGTH_UNIT()
NAMED_UNIT(*)
SI_UNIT(.MILLI.,.METRE.)
);
#2846=(
LENGTH_UNIT()
NAMED_UNIT(*)
SI_UNIT($,.METRE.)
);
#2847=(
NAMED_UNIT(*)
PLANE_ANGLE_UNIT()
SI_UNIT($,.RADIAN.)
);
#2848=(
NAMED_UNIT(*)
SI_UNIT($,.STERADIAN.)
SOLID_ANGLE_UNIT()
);
#2849=SHAPE_DEFINITION_REPRESENTATION(#2850,#2851);
#2850=PRODUCT_DEFINITION_SHAPE('',$,#2853);
#2851=SHAPE_REPRESENTATION('',(#1757),#2843);
#2852=PRODUCT_DEFINITION_CONTEXT('part definition',#2857,'design');
#2853=PRODUCT_DEFINITION('2026-08-26-08-42-21-832','(Unsaved)',#2854,#2852);
#2854=PRODUCT_DEFINITION_FORMATION('',$,#2859);
#2855=PRODUCT_RELATED_PRODUCT_CATEGORY('(Unsaved)','(Unsaved)',(#2859));
#2856=APPLICATION_PROTOCOL_DEFINITION('international standard',
'automotive_design',2009,#2857);
#2857=APPLICATION_CONTEXT(
'Core Data for Automotive Mechanical Design Process');
#2858=PRODUCT_CONTEXT('part definition',#2857,'mechanical');
#2859=PRODUCT('2026-08-26-08-42-21-832','(Unsaved)',$,(#2858));
#2860=PRESENTATION_STYLE_ASSIGNMENT((#2861));
#2861=SURFACE_STYLE_USAGE(.BOTH.,#2862);
#2862=SURFACE_SIDE_STYLE('',(#2863));
#2863=SURFACE_STYLE_FILL_AREA(#2864);
#2864=FILL_AREA_STYLE('Steel - Satin',(#2865));
#2865=FILL_AREA_STYLE_COLOUR('Steel - Satin',#2866);
#2866=COLOUR_RGB('Steel - Satin',0.627450980392157,0.627450980392157,0.627450980392157);
ENDSEC;
END-ISO-10303-21;
